Account Name,Year,Source,Immigrant Residents,Immigrant Share of Population,Share of FB that speak a language other than English at home,Immigrant Entrepreneurs,"Entrepreneur, Foreign-Born Share",Immigrants eligible to vote,Registered Immigrant Voters,Immigrant Taxes Paid,Immigrant Spending Power,State Fip,District,GEOID2,District_Note,StateName,DistrictNumber,DistrictName,GEOID
"Congressional District 1, Arizona",2024,1-year 2024 American Community Survey,95038,11.60%,73.10%,4620,7.40%,47152,35223,1583000000,4654000000,04,1,0401,,Arizona,1,Arizona District 1,0401
"Congressional District 3, Arizona",2024,1-year 2024 American Community Survey,215895,25.90%,93.70%,15739,11.50%,60656,45310,1854000000,5449000000,04,3,0403,,Arizona,3,Arizona District 3,0403
"Congressional District 4, Arizona",2024,1-year 2024 American Community Survey,112680,14.20%,80.50%,5826,8.20%,50115,37436,1454000000,4274000000,04,4,0404,,Arizona,4,Arizona District 4,0404
"Congressional District 5, Arizona",2024,1-year 2024 American Community Survey,86576,9.60%,76.60%,3976,7.50%,49328,36848,1247000000,3665000000,04,5,0405,,Arizona,5,Arizona District 5,0405
"Congressional District 6, Arizona",2024,1-year 2024 American Community Survey,85193,10.20%,77.10%,4795,10.50%,50570,37775,1059000000,3112000000,04,6,0406,,Arizona,6,Arizona District 6,0406
"Congressional District 7, Arizona",2024,1-year 2024 American Community Survey,164806,20.30%,91.90%,6423,7.40%,77243,57700,1347000000,3959000000,04,7,0407,,Arizona,7,Arizona District 7,0407
"Congressional District 8, Arizona",2024,1-year 2024 American Community Survey,111202,13.60%,82.80%,5118,7.80%,62528,46708,1318000000,3874000000,04,8,0408,,Arizona,8,Arizona District 8,0408
"Congressional District 9, Arizona",2024,1-year 2024 American Community Survey,98138,10.70%,80.70%,3517,6.40%,54696,40857,1182000000,3474000000,04,9,0409,,Arizona,9,Arizona District 9,0409
"Congressional District 3, Arkansas",2024,1-year 2024 American Community Survey,95453,11.70%,79.30%,3053,5.00%,29709,14491,1031000000,3103000000,05,3,0503,,Arkansas,3,Arkansas District 3,0503
"Congressional District 1, California",2024,1-year 2024 American Community Survey,88211,11.60%,86.00%,5833,11.40%,40990,28115,933000000,2138000000,06,1,0601,District boundaries shown reflect those in effect for the 2024 elections (119th Congress),California,1,California District 1,0601
"Congressional District 2, California",2024,1-year 2024 American Community Survey,105931,14.10%,78.70%,8425,12.90%,55726,38223,1812000000,4151000000,06,2,0602,District boundaries shown reflect those in effect for the 2024 elections (119th Congress),California,2,California District 2,0602
"Congressional District 3, California",2024,1-year 2024 American Community Survey,105565,13.10%,79.70%,5074,8.20%,63982,43886,1996000000,4573000000,06,3,0603,District boundaries shown reflect those in effect for the 2024 elections (119th Congress),California,3,California District 3,0603
"Congressional District 4, California",2024,1-year 2024 American Community Survey,134472,17.70%,85.10%,5849,7.80%,65595,44992,1905000000,4366000000,06,4,0604,District boundaries shown reflect those in effect for the 2024 elections (119th Congress),California,4,California District 4,0604
"Congressional District 5, California",2024,1-year 2024 American Community Survey,99034,12.80%,83.90%,5451,9.80%,58424,40074,1592000000,3647000000,06,5,0605,District boundaries shown reflect those in effect for the 2024 elections (119th Congress),California,5,California District 5,0605
"Congressional District 6, California",2024,1-year 2024 American Community Survey,170231,22.30%,89.80%,8610,9.00%,88813,60917,2127000000,4874000000,06,6,0606,District boundaries shown reflect those in effect for the 2024 elections (119th Congress),California,6,California District 6,0606
"Congressional District 7, California",2024,1-year 2024 American Community Survey,199795,26.10%,88.70%,9811,8.30%,119620,82048,2775000000,6360000000,06,7,0607,District boundaries shown reflect those in effect for the 2024 elections (119th Congress),California,7,California District 7,0607
"Congressional District 8, California",2024,1-year 2024 American Community Survey,218338,29.20%,88.70%,10361,8.50%,119846,82203,3141000000,7198000000,06,8,0608,District boundaries shown reflect those in effect for the 2024 elections (119th Congress),California,8,California District 8,0608
"Congressional District 9, California",2024,1-year 2024 American Community Survey,206004,26.30%,90.60%,7859,6.90%,97331,66760,2754000000,6310000000,06,9,0609,District boundaries shown reflect those in effect for the 2024 elections (119th Congress),California,9,California District 9,0609
"Congressional District 10, California",2024,1-year 2024 American Community Survey,204147,26.40%,83.80%,6730,5.50%,125561,86123,5681000000,13017000000,06,10,0610,District boundaries shown reflect those in effect for the 2024 elections (119th Congress),California,10,California District 10,0610
"Congressional District 11, California",2024,1-year 2024 American Community Survey,235276,32.20%,80.70%,8436,5.90%,141043,96743,6530000000,14963000000,06,11,0611,District boundaries shown reflect those in effect for the 2024 elections (119th Congress),California,11,California District 11,0611
"Congressional District 12, California",2024,1-year 2024 American Community Survey,209019,27.60%,85.70%,12911,10.20%,110047,75482,3811000000,8733000000,06,12,0612,District boundaries shown reflect those in effect for the 2024 elections (119th Congress),California,12,California District 12,0612
"Congressional District 13, California",2024,1-year 2024 American Community Survey,220677,27.90%,94.00%,8830,7.10%,83239,57094,2271000000,5205000000,06,13,0613,District boundaries shown reflect those in effect for the 2024 elections (119th Congress),California,13,California District 13,0613
"Congressional District 14, California",2024,1-year 2024 American Community Survey,297422,40.80%,88.80%,12287,6.40%,161475,110757,7045000000,16144000000,06,14,0614,District boundaries shown reflect those in effect for the 2024 elections (119th Congress),California,14,California District 14,0614
"Congressional District 15, California",2024,1-year 2024 American Community Survey,287642,39.80%,86.20%,14693,8.00%,167939,115191,7184000000,16462000000,06,15,0615,District boundaries shown reflect those in effect for the 2024 elections (119th Congress),California,15,California District 15,0615
"Congressional District 16, California",2024,1-year 2024 American Community Survey,270205,35.90%,84.20%,10857,6.30%,139993,96022,9659000000,22134000000,06,16,0616,District boundaries shown reflect those in effect for the 2024 elections (119th Congress),California,16,California District 16,0616
"Congressional District 17, California",2024,1-year 2024 American Community Survey,388239,50.90%,90.50%,10814,4.10%,179049,122811,13650000000,31278000000,06,17,0617,District boundaries shown reflect those in effect for the 2024 elections (119th Congress),California,17,California District 17,0617
"Congressional District 18, California",2024,1-year 2024 American Community Survey,260217,34.00%,91.80%,11995,7.30%,98233,67379,3817000000,8747000000,06,18,0618,District boundaries shown reflect those in effect for the 2024 elections (119th Congress),California,18,California District 18,0618
"Congressional District 19, California",2024,1-year 2024 American Community Survey,174283,23.50%,85.00%,5365,5.40%,111593,76542,4455000000,10209000000,06,19,0619,District boundaries shown reflect those in effect for the 2024 elections (119th Congress),California,19,California District 19,0619
"Congressional District 20, California",2024,1-year 2024 American Community Survey,108996,13.40%,88.40%,5362,8.50%,61016,41851,1558000000,3571000000,06,20,0620,District boundaries shown reflect those in effect for the 2024 elections (119th Congress),California,20,California District 20,0620
"Congressional District 21, California",2024,1-year 2024 American Community Survey,176918,22.80%,92.00%,10503,10.00%,69832,47898,1869000000,4283000000,06,21,0621,District boundaries shown reflect those in effect for the 2024 elections (119th Congress),California,21,California District 21,0621
"Congressional District 22, California",2024,1-year 2024 American Community Survey,212470,27.60%,93.20%,8165,7.10%,71243,48866,1967000000,4507000000,06,22,0622,District boundaries shown reflect those in effect for the 2024 elections (119th Congress),California,22,California District 22,0622
"Congressional District 23, California",2024,1-year 2024 American Community Survey,120603,15.90%,90.30%,8128,12.90%,64888,44507,1611000000,3691000000,06,23,0623,District boundaries shown reflect those in effect for the 2024 elections (119th Congress),California,23,California District 23,0623
"Congressional District 24, California",2024,1-year 2024 American Community Survey,135607,17.90%,85.90%,7174,9.30%,58515,40136,1918000000,4396000000,06,24,0624,District boundaries shown reflect those in effect for the 2024 elections (119th Congress),California,24,California District 24,0624
"Congressional District 25, California",2024,1-year 2024 American Community Survey,211279,26.70%,92.00%,11826,10.10%,104623,71761,2325000000,5327000000,06,25,0625,District boundaries shown reflect those in effect for the 2024 elections (119th Congress),California,25,California District 25,0625
"Congressional District 26, California",2024,1-year 2024 American Community Survey,185661,24.70%,86.30%,8805,7.70%,99149,68007,3010000000,6898000000,06,26,0626,District boundaries shown reflect those in effect for the 2024 elections (119th Congress),California,26,California District 26,0626
"Congressional District 27, California",2024,1-year 2024 American Community Survey,190185,25.40%,88.00%,12899,11.60%,120545,82683,3387000000,7762000000,06,27,0627,District boundaries shown reflect those in effect for the 2024 elections (119th Congress),California,27,California District 27,0627
"Congressional District 28, California",2024,1-year 2024 American Community Survey,272703,36.30%,88.40%,16558,10.60%,183427,125814,4785000000,10965000000,06,28,0628,District boundaries shown reflect those in effect for the 2024 elections (119th Congress),California,28,California District 28,0628
"Congressional District 29, California",2024,1-year 2024 American Community Survey,307306,42.40%,93.40%,29563,16.50%,148797,102061,3562000000,8161000000,06,29,0629,District boundaries shown reflect those in effect for the 2024 elections (119th Congress),California,29,California District 29,0629
"Congressional District 30, California",2024,1-year 2024 American Community Survey,275252,37.10%,87.00%,17707,11.10%,177287,121603,5062000000,11600000000,06,30,0630,District boundaries shown reflect those in effect for the 2024 elections (119th Congress),California,30,California District 30,0630
"Congressional District 31, California",2024,1-year 2024 American Community Survey,265618,36.70%,91.20%,15339,10.40%,149900,102817,3454000000,7915000000,06,31,0631,District boundaries shown reflect those in effect for the 2024 elections (119th Congress),California,31,California District 31,0631
"Congressional District 32, California",2024,1-year 2024 American Community Survey,236518,31.00%,83.10%,18154,12.50%,146162,100254,4521000000,10359000000,06,32,0632,District boundaries shown reflect those in effect for the 2024 elections (119th Congress),California,32,California District 32,0632
"Congressional District 33, California",2024,1-year 2024 American Community Survey,184795,23.60%,91.00%,12089,11.10%,90586,62134,2511000000,5753000000,06,33,0633,District boundaries shown reflect those in effect for the 2024 elections (119th Congress),California,33,California District 33,0633
"Congressional District 34, California",2024,1-year 2024 American Community Survey,316643,42.00%,92.60%,28552,15.60%,131223,90007,3440000000,7883000000,06,34,0634,District boundaries shown reflect those in effect for the 2024 elections (119th Congress),California,34,California District 34,0634
"Congressional District 35, California",2024,1-year 2024 American Community Survey,225171,29.40%,90.70%,8868,6.90%,121005,82998,3068000000,7030000000,06,35,0635,District boundaries shown reflect those in effect for the 2024 elections (119th Congress),California,35,California District 35,0635
"Congressional District 36, California",2024,1-year 2024 American Community Survey,176469,23.40%,75.70%,10012,9.80%,104440,71636,4118000000,9437000000,06,36,0636,District boundaries shown reflect those in effect for the 2024 elections (119th Congress),California,36,California District 36,0636
"Congressional District 37, California",2024,1-year 2024 American Community Survey,261462,35.10%,91.00%,27556,18.40%,92084,63161,3087000000,7075000000,06,37,0637,District boundaries shown reflect those in effect for the 2024 elections (119th Congress),California,37,California District 37,0637
"Congressional District 38, California",2024,1-year 2024 American Community Survey,237994,32.90%,92.10%,14378,10.90%,150728,103386,3622000000,8300000000,06,38,0638,District boundaries shown reflect those in effect for the 2024 elections (119th Congress),California,38,California District 38,0638
"Congressional District 39, California",2024,1-year 2024 American Community Survey,194450,24.90%,89.90%,12551,10.60%,94732,64977,2379000000,5452000000,06,39,0639,District boundaries shown reflect those in effect for the 2024 elections (119th Congress),California,39,California District 39,0639
"Congressional District 40, California",2024,1-year 2024 American Community Survey,192559,25.90%,84.80%,7544,6.50%,131555,90235,4318000000,9894000000,06,40,0640,District boundaries shown reflect those in effect for the 2024 elections (119th Congress),California,40,California District 40,0640
"Congressional District 41, California",2024,1-year 2024 American Community Survey,151283,18.40%,83.70%,9007,10.90%,95160,65271,2304000000,5280000000,06,41,0641,District boundaries shown reflect those in effect for the 2024 elections (119th Congress),California,41,California District 41,0641
"Congressional District 42, California",2024,1-year 2024 American Community Survey,232076,32.10%,90.70%,17371,13.40%,103258,70825,2821000000,6465000000,06,42,0642,District boundaries shown reflect those in effect for the 2024 elections (119th Congress),California,42,California District 42,0642
"Congressional District 43, California",2024,1-year 2024 American Community Survey,242866,33.70%,91.90%,17384,11.70%,111613,76556,3025000000,6932000000,06,43,0643,District boundaries shown reflect those in effect for the 2024 elections (119th Congress),California,43,California District 43,0643
"Congressional District 44, California",2024,1-year 2024 American Community Survey,238407,32.10%,89.70%,13757,9.80%,128369,88049,3266000000,7483000000,06,44,0644,District boundaries shown reflect those in effect for the 2024 elections (119th Congress),California,44,California District 44,0644
"Congressional District 45, California",2024,1-year 2024 American Community Survey,286582,38.60%,90.60%,13484,8.10%,195394,134022,4621000000,10589000000,06,45,0645,District boundaries shown reflect those in effect for the 2024 elections (119th Congress),California,45,California District 45,0645
"Congressional District 46, California",2024,1-year 2024 American Community Survey,293690,38.50%,94.80%,16892,9.30%,130991,89848,3756000000,8606000000,06,46,0646,District boundaries shown reflect those in effect for the 2024 elections (119th Congress),California,46,California District 46,0646
"Congressional District 47, California",2024,1-year 2024 American Community Survey,219452,29.00%,84.30%,11792,9.10%,123479,84695,4572000000,10476000000,06,47,0647,District boundaries shown reflect those in effect for the 2024 elections (119th Congress),California,47,California District 47,0647
"Congressional District 48, California",2024,1-year 2024 American Community Survey,135508,17.60%,85.50%,6079,7.40%,86444,59292,2055000000,4708000000,06,48,0648,District boundaries shown reflect those in effect for the 2024 elections (119th Congress),California,48,California District 48,0648
"Congressional District 49, California",2024,1-year 2024 American Community Survey,131589,17.60%,80.60%,8812,10.60%,75412,51725,2447000000,5608000000,06,49,0649,District boundaries shown reflect those in effect for the 2024 elections (119th Congress),California,49,California District 49,0649
"Congressional District 50, California",2024,1-year 2024 American Community Survey,167333,22.00%,81.70%,10196,10.10%,94308,64687,3669000000,8407000000,06,50,0650,District boundaries shown reflect those in effect for the 2024 elections (119th Congress),California,50,California District 50,0650
"Congressional District 51, California",2024,1-year 2024 American Community Survey,184715,24.10%,83.80%,8564,7.90%,110852,76034,3237000000,7418000000,06,51,0651,District boundaries shown reflect those in effect for the 2024 elections (119th Congress),California,51,California District 51,0651
"Congressional District 52, California",2024,1-year 2024 American Community Survey,255154,33.70%,92.80%,15002,10.90%,138505,95002,3184000000,7296000000,06,52,0652,District boundaries shown reflect those in effect for the 2024 elections (119th Congress),California,52,California District 52,0652
"Congressional District 1, Colorado",2024,1-year 2024 American Community Survey,118499,16.10%,80.50%,6195,7.70%,48087,37489,1770000000,4712000000,08,1,0801,District boundaries shown reflect those in effect for the 2024 elections (119th Congress),Colorado,1,Colorado District 1,0801
"Congressional District 4, Colorado",2024,1-year 2024 American Community Survey,66006,8.40%,82.00%,4610,10.60%,32414,25270,1150000000,3061000000,08,4,0804,District boundaries shown reflect those in effect for the 2024 elections (119th Congress),Colorado,4,Colorado District 4,0804
"Congressional District 6, Colorado",2024,1-year 2024 American Community Survey,131188,18.00%,81.90%,5662,6.70%,58013,45228,1747000000,4652000000,08,6,0806,District boundaries shown reflect those in effect for the 2024 elections (119th Congress),Colorado,6,Colorado District 6,0806
"Congressional District 8, Colorado",2024,1-year 2024 American Community Survey,101066,13.30%,86.20%,6121,9.30%,41529,32377,1251000000,3332000000,08,8,0808,District boundaries shown reflect those in effect for the 2024 elections (119th Congress),Colorado,8,Colorado District 8,0808
"Congressional District 1, Connecticut",2024,1-year 2024 American Community Survey,123622,16.80%,69.40%,4513,5.50%,68292,49480,1975000000,4464000000,09,1,0901,,Connecticut,1,Connecticut District 1,0901
"Congressional District 3, Connecticut",2024,1-year 2024 American Community Survey,111816,15.10%,77.30%,4474,6.70%,58596,42455,1815000000,4103000000,09,3,0903,,Connecticut,3,Connecticut District 3,0903
"Congressional District 4, Connecticut",2024,1-year 2024 American Community Survey,181369,24.50%,77.10%,13813,12.00%,87707,63547,3945000000,8916000000,09,4,0904,,Connecticut,4,Connecticut District 4,0904
"Congressional District 5, Connecticut",2024,1-year 2024 American Community Survey,110844,15.20%,75.40%,7004,9.70%,61796,44773,1955000000,4419000000,09,5,0905,,Connecticut,5,Connecticut District 5,0905
"Congressional District (at Large), Delaware",2024,1-year 2024 American Community Survey,121583,11.60%,76.80%,5483,7.10%,61088,45244,1673000000,4746000000,10,0,1000,,Delaware,10,Delaware District At Large,1000
"Delegate District (at Large), District of Columbia",2024,1-year 2024 American Community Survey,108542,15.50%,78.60%,3526,4.70%,47011,38168,2816000000,5496000000,11,0,1100,,District of Columbia,11,District of Columbia At Large,1100
"Congressional District 3, Florida",2024,1-year 2024 American Community Survey,75855,9.00%,75.20%,3577,8.50%,37622,27069,805000000,2445000000,12,3,1203,,Florida,3,Florida District 3,1203
"Congressional District 4, Florida",2024,1-year 2024 American Community Survey,72847,8.60%,75.90%,4195,10.20%,46566,33504,752000000,2284000000,12,4,1204,,Florida,4,Florida District 4,1204
"Congressional District 5, Florida",2024,1-year 2024 American Community Survey,129573,15.20%,80.10%,5127,6.20%,76083,54741,1602000000,4869000000,12,5,1205,,Florida,5,Florida District 5,1205
"Congressional District 6, Florida",2024,1-year 2024 American Community Survey,78662,9.40%,70.70%,5151,12.30%,44673,32142,833000000,2533000000,12,6,1206,,Florida,6,Florida District 6,1206
"Congressional District 7, Florida",2024,1-year 2024 American Community Survey,105155,12.90%,69.40%,4748,7.30%,66182,47617,1372000000,4168000000,12,7,1207,,Florida,7,Florida District 7,1207
"Congressional District 8, Florida",2024,1-year 2024 American Community Survey,86730,10.40%,61.20%,4029,8.70%,58150,41838,1021000000,3103000000,12,8,1208,,Florida,8,Florida District 8,1208
"Congressional District 9, Florida",2024,1-year 2024 American Community Survey,269859,29.70%,86.60%,12551,7.60%,118166,85019,2412000000,7331000000,12,9,1209,,Florida,9,Florida District 9,1209
"Congressional District 10, Florida",2024,1-year 2024 American Community Survey,206148,25.70%,81.50%,10235,8.00%,84897,61083,1915000000,5818000000,12,10,1210,,Florida,10,Florida District 10,1210
"Congressional District 11, Florida",2024,1-year 2024 American Community Survey,147347,16.50%,71.80%,7674,8.80%,73100,52595,2032000000,6175000000,12,11,1211,,Florida,11,Florida District 11,1211
"Congressional District 12, Florida",2024,1-year 2024 American Community Survey,85651,9.80%,76.70%,4177,9.20%,52024,37431,875000000,2660000000,12,12,1212,,Florida,12,Florida District 12,1212
"Congressional District 13, Florida",2024,1-year 2024 American Community Survey,100914,13.20%,77.60%,5453,9.40%,65583,47187,1050000000,3191000000,12,13,1213,,Florida,13,Florida District 13,1213
"Congressional District 14, Florida",2024,1-year 2024 American Community Survey,175951,21.30%,82.50%,6513,5.90%,87340,62840,1952000000,5931000000,12,14,1214,,Florida,14,Florida District 14,1214
"Congressional District 15, Florida",2024,1-year 2024 American Community Survey,147533,17.70%,82.60%,6189,6.70%,70280,50566,1695000000,5151000000,12,15,1215,,Florida,15,Florida District 15,1215
"Congressional District 16, Florida",2024,1-year 2024 American Community Survey,146011,16.50%,78.40%,9100,10.50%,69891,50286,1848000000,5615000000,12,16,1216,,Florida,16,Florida District 16,1216
"Congressional District 17, Florida",2024,1-year 2024 American Community Survey,139694,15.90%,74.20%,9523,12.50%,79549,57235,1373000000,4172000000,12,17,1217,,Florida,17,Florida District 17,1217
"Congressional District 18, Florida",2024,1-year 2024 American Community Survey,140668,16.10%,81.00%,6249,7.30%,56664,40769,1123000000,3414000000,12,18,1218,,Florida,18,Florida District 18,1218
"Congressional District 19, Florida",2024,1-year 2024 American Community Survey,152521,18.40%,81.50%,5414,5.90%,68450,49249,1444000000,4388000000,12,19,1219,,Florida,19,Florida District 19,1219
"Congressional District 20, Florida",2024,1-year 2024 American Community Survey,313881,38.40%,70.30%,14768,7.70%,173166,124591,2670000000,8112000000,12,20,1220,,Florida,20,Florida District 20,1220
"Congressional District 21, Florida",2024,1-year 2024 American Community Survey,163705,19.10%,71.30%,7405,7.80%,96391,69353,1715000000,5211000000,12,21,1221,,Florida,21,Florida District 21,1221
"Congressional District 22, Florida",2024,1-year 2024 American Community Survey,258741,32.20%,81.80%,17164,11.00%,128924,92759,2633000000,8000000000,12,22,1222,,Florida,22,Florida District 22,1222
"Congressional District 23, Florida",2024,1-year 2024 American Community Survey,235798,29.40%,78.00%,16739,11.60%,141328,101684,3109000000,9447000000,12,23,1223,,Florida,23,Florida District 23,1223
"Congressional District 24, Florida",2024,1-year 2024 American Community Survey,396361,47.80%,83.20%,21132,8.90%,214592,154397,4290000000,13037000000,12,24,1224,,Florida,24,Florida District 24,1224
"Congressional District 25, Florida",2024,1-year 2024 American Community Survey,333369,41.30%,85.50%,18304,9.10%,188333,135504,3806000000,11565000000,12,25,1225,,Florida,25,Florida District 25,1225
"Congressional District 26, Florida",2024,1-year 2024 American Community Survey,477713,56.10%,93.00%,32104,11.30%,243466,175171,4241000000,12886000000,12,26,1226,,Florida,26,Florida District 26,1226
"Congressional District 27, Florida",2024,1-year 2024 American Community Survey,427952,54.30%,93.50%,29573,11.60%,240748,173216,5251000000,15955000000,12,27,1227,,Florida,27,Florida District 27,1227
"Congressional District 28, Florida",2024,1-year 2024 American Community Survey,407468,51.50%,93.30%,24495,9.70%,248459,178764,4057000000,12327000000,12,28,1228,,Florida,28,Florida District 28,1228
"Congressional District 4, Georgia",2024,1-year 2024 American Community Survey,205495,27.00%,85.60%,10301,8.10%,79728,53132,2055000000,5480000000,13,4,1304,,Georgia,4,Georgia District 4,1304
"Congressional District 5, Georgia",2024,1-year 2024 American Community Survey,90450,11.70%,76.40%,4085,6.70%,41510,27663,1311000000,3495000000,13,5,1305,,Georgia,5,Georgia District 5,1305
"Congressional District 6, Georgia",2024,1-year 2024 American Community Survey,107742,13.40%,73.30%,8257,11.10%,48546,32352,1797000000,4792000000,13,6,1306,,Georgia,6,Georgia District 6,1306
"Congressional District 7, Georgia",2024,1-year 2024 American Community Survey,172393,21.10%,81.80%,6491,5.60%,80516,53657,3639000000,9703000000,13,7,1307,,Georgia,7,Georgia District 7,1307
"Congressional District 9, Georgia",2024,1-year 2024 American Community Survey,138055,16.70%,87.00%,7835,9.00%,70237,46807,1604000000,4277000000,13,9,1309,,Georgia,9,Georgia District 9,1309
"Congressional District 10, Georgia",2024,1-year 2024 American Community Survey,67939,8.10%,72.70%,3811,8.80%,33841,22552,790000000,2105000000,13,10,1310,,Georgia,10,Georgia District 10,1310
"Congressional District 11, Georgia",2024,1-year 2024 American Community Survey,99782,12.30%,79.50%,6557,9.70%,50756,33824,1460000000,3893000000,13,11,1311,,Georgia,11,Georgia District 11,1311
"Congressional District 13, Georgia",2024,1-year 2024 American Community Survey,165025,20.10%,76.40%,8928,8.50%,83982,55967,1968000000,5247000000,13,13,1313,,Georgia,13,Georgia District 13,1313
"Congressional District 14, Georgia",2024,1-year 2024 American Community Survey,71780,9.00%,83.50%,4878,10.30%,29542,19687,775000000,2068000000,13,14,1314,,Georgia,14,Georgia District 14,1314
"Congressional District 1, Hawaii",2024,1-year 2024 American Community Survey,175150,24.40%,85.40%,6011,5.90%,110986,68666,2763000000,6107000000,15,1,1501,,Hawaii,1,Hawaii District 1,1501
"Congressional District 2, Hawaii",2024,1-year 2024 American Community Survey,93695,12.90%,75.80%,5262,9.30%,51324,31753,1121000000,2478000000,15,2,1502,,Hawaii,2,Hawaii District 2,1502
"Congressional District 2, Idaho",2024,1-year 2024 American Community Survey,69070,7.10%,79.20%,3224,7.10%,27312,16304,696000000,2203000000,16,2,1602,,Idaho,2,Idaho District 2,1602
"Congressional District 3, Illinois",2024,1-year 2024 American Community Survey,208760,28.50%,90.70%,8261,6.50%,96045,63798,2517000000,6089000000,17,3,1703,,Illinois,3,Illinois District 3,1703
"Congressional District 4, Illinois",2024,1-year 2024 American Community Survey,236151,33.20%,91.40%,10001,7.40%,104992,69742,2877000000,6959000000,17,4,1704,,Illinois,4,Illinois District 4,1704
"Congressional District 5, Illinois",2024,1-year 2024 American Community Survey,152921,19.80%,81.00%,8312,8.60%,91817,60990,2937000000,7106000000,17,5,1705,,Illinois,5,Illinois District 5,1705
"Congressional District 6, Illinois",2024,1-year 2024 American Community Survey,133290,17.40%,88.80%,5662,7.30%,80430,53426,2027000000,4904000000,17,6,1706,,Illinois,6,Illinois District 6,1706
"Congressional District 7, Illinois",2024,1-year 2024 American Community Survey,140450,18.50%,85.50%,5405,5.80%,54132,35957,2521000000,6099000000,17,7,1707,,Illinois,7,Illinois District 7,1707
"Congressional District 8, Illinois",2024,1-year 2024 American Community Survey,211926,28.20%,90.20%,8476,6.00%,113966,75702,3132000000,7576000000,17,8,1708,,Illinois,8,Illinois District 8,1708
"Congressional District 9, Illinois",2024,1-year 2024 American Community Survey,199846,27.00%,85.30%,8991,7.60%,120753,80211,3086000000,7466000000,17,9,1709,,Illinois,9,Illinois District 9,1709
"Congressional District 10, Illinois",2024,1-year 2024 American Community Survey,149922,20.00%,85.50%,5427,5.90%,78122,51893,2522000000,6101000000,17,10,1710,,Illinois,10,Illinois District 10,1710
"Congressional District 11, Illinois",2024,1-year 2024 American Community Survey,122934,16.00%,88.60%,5595,6.70%,61788,41043,2149000000,5198000000,17,11,1711,,Illinois,11,Illinois District 11,1711
"Congressional District 14, Illinois",2024,1-year 2024 American Community Survey,110268,14.40%,87.00%,2668,3.70%,56556,37568,1626000000,3933000000,17,14,1714,,Illinois,14,Illinois District 14,1714
"Congressional District 4, Indiana",2024,1-year 2024 American Community Survey,65454,8.30%,81.80%,2709,6.60%,24413,15057,636000000,1835000000,18,4,1804,,Indiana,4,Indiana District 4,1804
"Congressional District 6, Indiana",2024,1-year 2024 American Community Survey,66647,8.60%,84.90%,2300,5.30%,27386,16891,720000000,2078000000,18,6,1806,,Indiana,6,Indiana District 6,1806
"Congressional District 7, Indiana",2024,1-year 2024 American Community Survey,110160,14.50%,84.30%,3203,4.40%,28234,17414,976000000,2817000000,18,7,1807,,Indiana,7,Indiana District 7,1807
"Congressional District 3, Iowa",2024,1-year 2024 American Community Survey,71846,8.60%,85.80%,3025,6.00%,32613,21315,704000000,2057000000,19,3,1903,,Iowa,3,Iowa District 3,1903
"Congressional District 3, Kansas",2024,1-year 2024 American Community Survey,68532,9.10%,83.80%,3300,6.90%,31434,20920,1080000000,2834000000,20,3,2003,,Kansas,3,Kansas District 3,2003
"Congressional District 3, Kentucky",2024,1-year 2024 American Community Survey,87855,11.50%,86.60%,2313,4.50%,27652,19729,741000000,2036000000,21,3,2103,,Kentucky,3,Kentucky District 3,2103
"Congressional District 2, Maryland",2024,1-year 2024 American Community Survey,94435,12.10%,73.20%,4728,7.40%,57329,45494,1609000000,3750000000,24,2,2402,,Maryland,2,Maryland District 2,2402
"Congressional District 3, Maryland",2024,1-year 2024 American Community Survey,125838,16.10%,82.60%,9205,10.20%,76879,61007,2673000000,6231000000,24,3,2403,,Maryland,3,Maryland District 3,2403
"Congressional District 4, Maryland",2024,1-year 2024 American Community Survey,228425,29.90%,82.00%,9980,6.50%,91145,72328,3075000000,7169000000,24,4,2404,,Maryland,4,Maryland District 4,2404
"Congressional District 5, Maryland",2024,1-year 2024 American Community Survey,75797,9.40%,71.00%,2590,5.10%,45414,36038,1311000000,3055000000,24,5,2405,,Maryland,5,Maryland District 5,2405
"Congressional District 6, Maryland",2024,1-year 2024 American Community Survey,168269,20.50%,85.30%,7689,6.80%,90707,71980,2984000000,6958000000,24,6,2406,,Maryland,6,Maryland District 6,2406
"Congressional District 7, Maryland",2024,1-year 2024 American Community Survey,86257,11.60%,68.40%,4297,8.60%,37102,29442,982000000,2290000000,24,7,2407,,Maryland,7,Maryland District 7,2407
"Congressional District 8, Maryland",2024,1-year 2024 American Community Survey,242796,31.40%,84.40%,11530,7.20%,139639,110810,5077000000,11836000000,24,8,2408,,Maryland,8,Maryland District 8,2408
"Congressional District 2, Massachusetts",2024,1-year 2024 American Community Survey,135963,17.00%,84.10%,4089,4.60%,65071,46117,2289000000,5553000000,25,2,2502,,Massachusetts,2,Massachusetts District 2,2502
"Congressional District 3, Massachusetts",2024,1-year 2024 American Community Survey,181191,22.90%,88.90%,6022,5.20%,89828,63663,2762000000,6700000000,25,3,2503,,Massachusetts,3,Massachusetts District 3,2503
"Congressional District 4, Massachusetts",2024,1-year 2024 American Community Survey,128621,16.00%,80.80%,5690,7.00%,68011,48201,2743000000,6654000000,25,4,2504,,Massachusetts,4,Massachusetts District 4,2504
"Congressional District 5, Massachusetts",2024,1-year 2024 American Community Survey,216516,27.40%,85.10%,9000,6.30%,100604,71300,4480000000,10869000000,25,5,2505,,Massachusetts,5,Massachusetts District 5,2505
"Congressional District 6, Massachusetts",2024,1-year 2024 American Community Survey,126519,15.90%,82.60%,4673,5.70%,67525,47856,2142000000,5195000000,25,6,2506,,Massachusetts,6,Massachusetts District 6,2506
"Congressional District 7, Massachusetts",2024,1-year 2024 American Community Survey,253373,32.10%,82.90%,7134,4.50%,119854,84943,3554000000,8622000000,25,7,2507,,Massachusetts,7,Massachusetts District 7,2507
"Congressional District 8, Massachusetts",2024,1-year 2024 American Community Survey,162524,20.70%,80.70%,6902,6.40%,91499,64847,3089000000,7493000000,25,8,2508,,Massachusetts,8,Massachusetts District 8,2508
"Congressional District 9, Massachusetts",2024,1-year 2024 American Community Survey,68401,8.60%,67.00%,3658,8.80%,44523,31554,1012000000,2455000000,25,9,2509,,Massachusetts,9,Massachusetts District 9,2509
"Congressional District 6, Michigan",2024,1-year 2024 American Community Survey,115685,15.00%,80.00%,3297,4.70%,61393,43621,2151000000,5850000000,26,6,2606,,Michigan,6,Michigan District 6,2606
"Congressional District 10, Michigan",2024,1-year 2024 American Community Survey,112546,14.50%,84.70%,5101,8.20%,72584,51572,1497000000,4071000000,26,10,2610,,Michigan,10,Michigan District 10,2610
"Congressional District 11, Michigan",2024,1-year 2024 American Community Survey,117911,15.00%,82.70%,4478,5.90%,61970,44031,2229000000,6062000000,26,11,2611,,Michigan,11,Michigan District 11,2611
"Congressional District 12, Michigan",2024,1-year 2024 American Community Survey,84549,11.20%,86.10%,5572,12.70%,57067,40547,759000000,2063000000,26,12,2612,,Michigan,12,Michigan District 12,2612
"Congressional District 13, Michigan",2024,1-year 2024 American Community Survey,81546,10.40%,90.30%,3699,9.80%,37986,26989,690000000,1876000000,26,13,2613,,Michigan,13,Michigan District 13,2613
"Congressional District 2, Minnesota",2024,1-year 2024 American Community Survey,86898,11.60%,85.30%,4044,6.50%,46368,35318,1290000000,3387000000,27,2,2702,,Minnesota,2,Minnesota District 2,2702
"Congressional District 3, Minnesota",2024,1-year 2024 American Community Survey,96254,13.50%,73.50%,2094,3.00%,58596,44631,1544000000,4053000000,27,3,2703,,Minnesota,3,Minnesota District 3,2703
"Congressional District 4, Minnesota",2024,1-year 2024 American Community Survey,98140,13.90%,88.30%,1804,2.80%,56823,43281,1163000000,3053000000,27,4,2704,,Minnesota,4,Minnesota District 4,2704
"Congressional District 5, Minnesota",2024,1-year 2024 American Community Survey,101111,14.30%,81.40%,4035,6.00%,54585,41577,1060000000,2783000000,27,5,2705,,Minnesota,5,Minnesota District 5,2705
"Congressional District 2, Missouri",2024,1-year 2024 American Community Survey,65681,8.50%,82.50%,2092,4.80%,37609,26598,1117000000,3087000000,29,2,2902,District boundaries shown reflect those in effect for the 2024 elections (119th Congress),Missouri,2,Missouri District 2,2902
"Congressional District 2, Nebraska",2024,1-year 2024 American Community Survey,74273,10.90%,85.80%,2213,4.70%,30051,17571,781000000,2290000000,31,2,3102,,Nebraska,2,Nebraska District 2,3102
"Congressional District 1, Nevada",2024,1-year 2024 American Community Survey,190810,24.10%,90.10%,7975,7.00%,91699,63407,1978000000,6182000000,32,1,3201,,Nevada,1,Nevada District 1,3201
"Congressional District 2, Nevada",2024,1-year 2024 American Community Survey,107067,13.30%,85.30%,5287,7.30%,51872,35867,1275000000,3985000000,32,2,3202,,Nevada,2,Nevada District 2,3202
"Congressional District 3, Nevada",2024,1-year 2024 American Community Survey,210417,25.10%,85.40%,11929,9.00%,125998,87123,2503000000,7822000000,32,3,3203,,Nevada,3,Nevada District 3,3203
"Congressional District 4, Nevada",2024,1-year 2024 American Community Survey,141417,17.00%,86.20%,7875,9.10%,66633,46074,1194000000,3730000000,32,4,3204,,Nevada,4,Nevada District 4,3204
"Congressional District 1, New Jersey",2024,1-year 2024 American Community Survey,80729,10.30%,83.20%,2993,5.90%,45469,36555,1092000000,2525000000,34,1,3401,,New Jersey,1,New Jersey District 1,3401
"Congressional District 2, New Jersey",2024,1-year 2024 American Community Survey,83961,10.60%,86.90%,4563,8.40%,45337,36449,1107000000,2559000000,34,2,3402,,New Jersey,2,New Jersey District 2,3402
"Congressional District 3, New Jersey",2024,1-year 2024 American Community Survey,127957,16.10%,77.20%,4492,5.30%,77415,62240,2432000000,5622000000,34,3,3403,,New Jersey,3,New Jersey District 3,3403
"Congressional District 4, New Jersey",2024,1-year 2024 American Community Survey,70776,8.90%,69.80%,3286,8.30%,41633,33472,1159000000,2680000000,34,4,3404,,New Jersey,4,New Jersey District 4,3404
"Congressional District 5, New Jersey",2024,1-year 2024 American Community Survey,225644,28.40%,83.50%,9854,7.10%,146750,117982,4577000000,10580000000,34,5,3405,,New Jersey,5,New Jersey District 5,3405
"Congressional District 6, New Jersey",2024,1-year 2024 American Community Survey,240267,30.50%,87.30%,8803,5.80%,129642,104228,4129000000,9546000000,34,6,3406,,New Jersey,6,New Jersey District 6,3406
"Congressional District 7, New Jersey",2024,1-year 2024 American Community Survey,133484,16.90%,79.90%,6016,6.70%,84844,68212,3239000000,7489000000,34,7,3407,,New Jersey,7,New Jersey District 7,3407
"Congressional District 8, New Jersey",2024,1-year 2024 American Community Survey,371988,47.70%,91.70%,15606,6.70%,148401,119310,6078000000,14050000000,34,8,3408,,New Jersey,8,New Jersey District 8,3408
"Congressional District 9, New Jersey",2024,1-year 2024 American Community Survey,303662,39.30%,89.00%,12068,6.50%,164941,132608,4266000000,9863000000,34,9,3409,,New Jersey,9,New Jersey District 9,3409
"Congressional District 10, New Jersey",2024,1-year 2024 American Community Survey,283848,35.50%,76.90%,10051,5.80%,153105,123092,3725000000,8610000000,34,10,3410,,New Jersey,10,New Jersey District 10,3410
"Congressional District 11, New Jersey",2024,1-year 2024 American Community Survey,175382,21.90%,82.40%,7949,6.90%,113689,91402,4071000000,9411000000,34,11,3411,,New Jersey,11,New Jersey District 11,3411
"Congressional District 12, New Jersey",2024,1-year 2024 American Community Survey,278726,34.50%,84.70%,12850,6.80%,137635,110655,5851000000,13528000000,34,12,3412,,New Jersey,12,New Jersey District 12,3412
"Congressional District 2, New Mexico",2024,1-year 2024 American Community Survey,88932,12.50%,88.90%,3868,8.50%,36156,25519,749000000,2156000000,35,2,3502,,New Mexico,2,New Mexico District 2,3502
"Congressional District 1, New York",2024,1-year 2024 American Community Survey,111461,14.30%,78.20%,6195,9.10%,63604,46115,2636000000,5375000000,36,1,3601,,New York,1,New York District 1,3601
"Congressional District 2, New York",2024,1-year 2024 American Community Survey,159253,20.50%,85.50%,5104,4.90%,85819,62222,2536000000,5170000000,36,2,3602,,New York,2,New York District 2,3602
"Congressional District 3, New York",2024,1-year 2024 American Community Survey,228355,29.40%,82.80%,12465,9.00%,158096,114624,5221000000,10647000000,36,3,3603,,New York,3,New York District 3,3603
"Congressional District 4, New York",2024,1-year 2024 American Community Survey,203357,26.20%,75.00%,7730,6.10%,126499,91716,3892000000,7937000000,36,4,3604,,New York,4,New York District 4,3604
"Congressional District 5, New York",2024,1-year 2024 American Community Survey,334900,43.70%,53.90%,14191,7.60%,217535,157720,5098000000,10394000000,36,5,3605,,New York,5,New York District 5,3605
"Congressional District 6, New York",2024,1-year 2024 American Community Survey,402414,55.40%,90.30%,18516,8.10%,218755,158604,6304000000,12853000000,36,6,3606,,New York,6,New York District 6,3606
"Congressional District 7, New York",2024,1-year 2024 American Community Survey,251574,32.30%,82.80%,11087,7.20%,125419,90933,4994000000,10183000000,36,7,3607,,New York,7,New York District 7,3607
"Congressional District 8, New York",2024,1-year 2024 American Community Survey,283065,38.30%,68.70%,6881,4.80%,187392,135865,4263000000,8692000000,36,8,3608,,New York,8,New York District 8,3608
"Congressional District 9, New York",2024,1-year 2024 American Community Survey,282009,39.60%,56.10%,12859,8.00%,190489,138111,4132000000,8425000000,36,9,3609,,New York,9,New York District 9,3609
"Congressional District 10, New York",2024,1-year 2024 American Community Survey,207947,27.50%,78.90%,10492,8.50%,106093,76921,5596000000,11411000000,36,10,3610,,New York,10,New York District 10,3610
"Congressional District 11, New York",2024,1-year 2024 American Community Survey,260918,34.30%,87.90%,12936,8.40%,158646,115024,4140000000,8441000000,36,11,3611,,New York,11,New York District 11,3611
"Congressional District 12, New York",2024,1-year 2024 American Community Survey,188970,25.10%,71.60%,3845,3.00%,100734,73036,8447000000,17224000000,36,12,3612,,New York,12,New York District 12,3612
"Congressional District 13, New York",2024,1-year 2024 American Community Survey,250597,33.50%,86.30%,8623,6.30%,132352,95959,3138000000,6399000000,36,13,3613,,New York,13,New York District 13,3613
"Congressional District 14, New York",2024,1-year 2024 American Community Survey,284017,38.50%,88.30%,12639,7.50%,137580,99750,3643000000,7428000000,36,14,3614,,New York,14,New York District 14,3614
"Congressional District 15, New York",2024,1-year 2024 American Community Survey,258134,34.20%,77.30%,10321,7.10%,138254,100239,3095000000,6310000000,36,15,3615,,New York,15,New York District 15,3615
"Congressional District 16, New York",2024,1-year 2024 American Community Survey,234286,30.30%,73.30%,11503,8.10%,140839,102113,4942000000,10077000000,36,16,3616,,New York,16,New York District 16,3616
"Congressional District 17, New York",2024,1-year 2024 American Community Survey,163543,20.90%,80.50%,8985,9.10%,93403,67720,3210000000,6546000000,36,17,3617,,New York,17,New York District 17,3617
"Congressional District 18, New York",2024,1-year 2024 American Community Survey,101593,12.80%,71.10%,6511,10.40%,58958,42746,1738000000,3544000000,36,18,3618,,New York,18,New York District 18,3618
"Congressional District 20, New York",2024,1-year 2024 American Community Survey,74409,9.40%,68.20%,2211,4.70%,42695,30955,1585000000,3232000000,36,20,3620,,New York,20,New York District 20,3620
"Congressional District 22, New York",2024,1-year 2024 American Community Survey,67185,8.80%,77.10%,1693,4.70%,34807,25236,834000000,1701000000,36,22,3622,,New York,22,New York District 22,3622
"Congressional District 26, New York",2024,1-year 2024 American Community Survey,77141,10.10%,76.40%,1676,4.00%,43049,31212,942000000,1921000000,36,26,3626,,New York,26,New York District 26,3626
"Congressional District 2, North Carolina",2024,1-year 2024 American Community Survey,122150,15.40%,83.60%,5370,6.50%,57610,40141,1926000000,5272000000,37,2,3702,,North Carolina,2,North Carolina District 2,3702
"Congressional District 4, North Carolina",2024,1-year 2024 American Community Survey,148700,18.50%,81.50%,7420,7.50%,67408,46968,2715000000,7432000000,37,4,3704,,North Carolina,4,North Carolina District 4,3704
"Congressional District 6, North Carolina",2024,1-year 2024 American Community Survey,80457,10.10%,84.90%,4042,7.40%,31915,22237,951000000,2604000000,37,6,3706,,North Carolina,6,North Carolina District 6,3706
"Congressional District 8, North Carolina",2024,1-year 2024 American Community Survey,81403,10.30%,84.90%,2537,4.80%,39025,27191,1350000000,3697000000,37,8,3708,,North Carolina,8,North Carolina District 8,3708
"Congressional District 9, North Carolina",2024,1-year 2024 American Community Survey,65417,8.30%,81.20%,3274,8.80%,24724,17227,606000000,1658000000,37,9,3709,,North Carolina,9,North Carolina District 9,3709
"Congressional District 10, North Carolina",2024,1-year 2024 American Community Survey,65087,8.30%,81.00%,3299,8.70%,29868,20811,810000000,2217000000,37,10,3710,,North Carolina,10,North Carolina District 10,3710
"Congressional District 12, North Carolina",2024,1-year 2024 American Community Survey,151048,18.80%,83.80%,10091,10.00%,43028,29980,1682000000,4604000000,37,12,3712,,North Carolina,12,North Carolina District 12,3712
"Congressional District 13, North Carolina",2024,1-year 2024 American Community Survey,67968,8.10%,80.20%,5113,11.30%,30324,21128,789000000,2160000000,37,13,3713,,North Carolina,13,North Carolina District 13,3713
"Congressional District 14, North Carolina",2024,1-year 2024 American Community Survey,83716,10.60%,85.00%,4052,7.50%,35625,24822,1128000000,3089000000,37,14,3714,,North Carolina,14,North Carolina District 14,3714
"Congressional District 3, Ohio",2024,1-year 2024 American Community Survey,106502,13.50%,87.70%,3868,5.90%,55924,39879,1276000000,3353000000,39,3,3903,District boundaries shown reflect those in effect for the 2024 elections (119th Congress),Ohio,3,Ohio District 3,3903
"Congressional District 15, Ohio",2024,1-year 2024 American Community Survey,75931,9.20%,87.60%,4550,9.60%,32805,23394,886000000,2329000000,39,15,3915,District boundaries shown reflect those in effect for the 2024 elections (119th Congress),Ohio,15,Ohio District 15,3915
"Congressional District 1, Oklahoma",2024,1-year 2024 American Community Survey,79118,9.60%,87.70%,3712,7.30%,29441,16312,853000000,2444000000,40,1,4001,,Oklahoma,1,Oklahoma District 1,4001
"Congressional District 3, Oklahoma",2024,1-year 2024 American Community Survey,68422,8.60%,89.10%,4028,9.50%,23173,12840,601000000,1722000000,40,3,4003,,Oklahoma,3,Oklahoma District 3,4003
"Congressional District 1, Oregon",2024,1-year 2024 American Community Survey,114225,15.90%,82.50%,5034,6.80%,54396,38808,1876000000,4741000000,41,1,4101,,Oregon,1,Oregon District 1,4101
"Congressional District 3, Oregon",2024,1-year 2024 American Community Survey,101390,14.50%,81.20%,5491,8.30%,57080,40723,1318000000,3329000000,41,3,4103,,Oregon,3,Oregon District 3,4103
"Congressional District 6, Oregon",2024,1-year 2024 American Community Survey,89871,12.50%,85.60%,4222,7.10%,41500,29607,1099000000,2778000000,41,6,4106,,Oregon,6,Oregon District 6,4106
"Congressional District 1, Pennsylvania",2024,1-year 2024 American Community Survey,83536,10.90%,79.00%,3564,6.60%,55003,39180,1707000000,4297000000,42,1,4201,,Pennsylvania,1,Pennsylvania District 1,4201
"Congressional District 2, Pennsylvania",2024,1-year 2024 American Community Survey,161909,21.90%,85.40%,7221,7.60%,86146,61363,1812000000,4562000000,42,2,4202,,Pennsylvania,2,Pennsylvania District 2,4202
"Congressional District 3, Pennsylvania",2024,1-year 2024 American Community Survey,75426,9.80%,70.40%,2208,4.60%,40051,28529,1087000000,2736000000,42,3,4203,,Pennsylvania,3,Pennsylvania District 3,4203
"Congressional District 4, Pennsylvania",2024,1-year 2024 American Community Survey,81006,10.30%,77.50%,3498,6.60%,50170,35737,1658000000,4175000000,42,4,4204,,Pennsylvania,4,Pennsylvania District 4,4204
"Congressional District 5, Pennsylvania",2024,1-year 2024 American Community Survey,98583,12.80%,75.60%,5618,9.20%,60097,42808,1491000000,3755000000,42,5,4205,,Pennsylvania,5,Pennsylvania District 5,4205
"Congressional District 6, Pennsylvania",2024,1-year 2024 American Community Survey,106012,13.30%,85.30%,4865,7.50%,46565,33169,1799000000,4529000000,42,6,4206,,Pennsylvania,6,Pennsylvania District 6,4206
"Congressional District 7, Pennsylvania",2024,1-year 2024 American Community Survey,94877,12.00%,80.60%,2635,4.60%,52723,37555,1076000000,2708000000,42,7,4207,,Pennsylvania,7,Pennsylvania District 7,4207
"Congressional District 8, Pennsylvania",2024,1-year 2024 American Community Survey,78354,10.10%,79.30%,1873,4.50%,38453,27390,903000000,2273000000,42,8,4208,,Pennsylvania,8,Pennsylvania District 8,4208
"Congressional District 10, Pennsylvania",2024,1-year 2024 American Community Survey,68285,8.60%,79.20%,2542,6.30%,32072,22845,922000000,2322000000,42,10,4210,,Pennsylvania,10,Pennsylvania District 10,4210
"Congressional District 1, Rhode Island",2024,1-year 2024 American Community Survey,105720,19.00%,85.30%,6108,9.60%,55281,41398,1191000000,3210000000,44,1,4401,,Rhode Island,1,Rhode Island District 1,4401
"Congressional District 2, Rhode Island",2024,1-year 2024 American Community Survey,69149,12.40%,81.50%,1875,4.50%,36172,27089,908000000,2447000000,44,2,4402,,Rhode Island,2,Rhode Island District 2,4402
"Congressional District 4, South Carolina",2024,1-year 2024 American Community Survey,80058,9.90%,84.40%,4246,8.70%,35564,23379,889000000,2486000000,45,4,4504,,South Carolina,4,South Carolina District 4,4504
"Congressional District 5, Tennessee",2024,1-year 2024 American Community Survey,112401,13.50%,83.10%,5731,7.80%,43576,23877,1397000000,4049000000,47,5,4705,,Tennessee,5,Tennessee District 5,4705
"Congressional District 2, Texas",2024,1-year 2024 American Community Survey,149876,17.00%,85.30%,11717,12.40%,71099,49690,2327000000,6693000000,48,2,4802,District boundaries shown reflect those in effect for the 2024 elections (119th Congress),Texas,2,Texas District 2,4802
"Congressional District 3, Texas",2024,1-year 2024 American Community Survey,189927,20.60%,85.50%,8987,7.00%,100112,69967,3408000000,9805000000,48,3,4803,District boundaries shown reflect those in effect for the 2024 elections (119th Congress),Texas,3,Texas District 3,4803
"Congressional District 4, Texas",2024,1-year 2024 American Community Survey,157196,18.00%,84.60%,9121,8.80%,72270,50508,2658000000,7646000000,48,4,4804,District boundaries shown reflect those in effect for the 2024 elections (119th Congress),Texas,4,Texas District 4,4804
"Congressional District 5, Texas",2024,1-year 2024 American Community Survey,133826,15.60%,89.20%,11390,13.70%,59887,41854,1275000000,3668000000,48,5,4805,District boundaries shown reflect those in effect for the 2024 elections (119th Congress),Texas,5,Texas District 5,4805
"Congressional District 6, Texas",2024,1-year 2024 American Community Survey,150413,17.70%,89.00%,10251,10.20%,54911,38377,1532000000,4406000000,48,6,4806,District boundaries shown reflect those in effect for the 2024 elections (119th Congress),Texas,6,Texas District 6,4806
"Congressional District 7, Texas",2024,1-year 2024 American Community Survey,294627,38.30%,88.30%,18813,10.40%,137653,96204,3963000000,11401000000,48,7,4807,District boundaries shown reflect those in effect for the 2024 elections (119th Congress),Texas,7,Texas District 7,4807
"Congressional District 8, Texas",2024,1-year 2024 American Community Survey,207356,21.90%,85.80%,12408,9.30%,98029,68511,2469000000,7103000000,48,8,4808,District boundaries shown reflect those in effect for the 2024 elections (119th Congress),Texas,8,Texas District 8,4808
"Congressional District 9, Texas",2024,1-year 2024 American Community Survey,249110,30.30%,87.70%,13001,8.50%,92385,64566,2438000000,7013000000,48,9,4809,District boundaries shown reflect those in effect for the 2024 elections (119th Congress),Texas,9,Texas District 9,4809
"Congressional District 10, Texas",2024,1-year 2024 American Community Survey,120861,14.50%,83.20%,6628,8.50%,53928,37689,1887000000,5430000000,48,10,4810,District boundaries shown reflect those in effect for the 2024 elections (119th Congress),Texas,10,Texas District 10,4810
"Congressional District 11, Texas",2024,1-year 2024 American Community Survey,87421,10.90%,87.80%,4279,8.70%,36057,25200,911000000,2620000000,48,11,4811,District boundaries shown reflect those in effect for the 2024 elections (119th Congress),Texas,11,Texas District 11,4811
"Congressional District 12, Texas",2024,1-year 2024 American Community Survey,98034,11.50%,79.60%,5266,8.10%,42220,29507,1083000000,3114000000,48,12,4812,District boundaries shown reflect those in effect for the 2024 elections (119th Congress),Texas,12,Texas District 12,4812
"Congressional District 13, Texas",2024,1-year 2024 American Community Survey,84361,10.50%,88.70%,4775,8.80%,32587,22774,851000000,2447000000,48,13,4813,District boundaries shown reflect those in effect for the 2024 elections (119th Congress),Texas,13,Texas District 13,4813
"Congressional District 14, Texas",2024,1-year 2024 American Community Survey,78071,9.90%,88.10%,6854,15.40%,36158,25270,804000000,2314000000,48,14,4814,District boundaries shown reflect those in effect for the 2024 elections (119th Congress),Texas,14,Texas District 14,4814
"Congressional District 15, Texas",2024,1-year 2024 American Community Survey,178890,22.00%,95.80%,17421,18.20%,57368,40093,1360000000,3912000000,48,15,4815,District boundaries shown reflect those in effect for the 2024 elections (119th Congress),Texas,15,Texas District 15,4815
"Congressional District 16, Texas",2024,1-year 2024 American Community Survey,169488,21.60%,93.20%,8665,9.70%,85480,59741,1419000000,4081000000,48,16,4816,District boundaries shown reflect those in effect for the 2024 elections (119th Congress),Texas,16,Texas District 16,4816
"Congressional District 17, Texas",2024,1-year 2024 American Community Survey,86864,10.90%,89.10%,5001,8.70%,36927,25808,991000000,2850000000,48,17,4817,District boundaries shown reflect those in effect for the 2024 elections (119th Congress),Texas,17,Texas District 17,4817
"Congressional District 18, Texas",2024,1-year 2024 American Community Survey,222748,27.00%,91.30%,12954,9.50%,61856,43230,1866000000,5368000000,48,18,4818,District boundaries shown reflect those in effect for the 2024 elections (119th Congress),Texas,18,Texas District 18,4818
"Congressional District 20, Texas",2024,1-year 2024 American Community Survey,128339,16.70%,93.30%,8128,11.60%,40786,28505,955000000,2748000000,48,20,4820,District boundaries shown reflect those in effect for the 2024 elections (119th Congress),Texas,20,Texas District 20,4820
"Congressional District 21, Texas",2024,1-year 2024 American Community Survey,82161,9.70%,82.10%,4465,8.30%,38899,27186,1099000000,3163000000,48,21,4821,District boundaries shown reflect those in effect for the 2024 elections (119th Congress),Texas,21,Texas District 21,4821
"Congressional District 22, Texas",2024,1-year 2024 American Community Survey,228033,25.50%,88.50%,12162,8.30%,117457,82089,3624000000,10425000000,48,22,4822,District boundaries shown reflect those in effect for the 2024 elections (119th Congress),Texas,22,Texas District 22,4822
"Congressional District 23, Texas",2024,1-year 2024 American Community Survey,130410,16.20%,91.30%,5884,9.50%,60573,42334,1219000000,3506000000,48,23,4823,District boundaries shown reflect those in effect for the 2024 elections (119th Congress),Texas,23,Texas District 23,4823
"Congressional District 24, Texas",2024,1-year 2024 American Community Survey,118940,15.40%,84.20%,4452,5.90%,66639,46573,2093000000,6020000000,48,24,4824,District boundaries shown reflect those in effect for the 2024 elections (119th Congress),Texas,24,Texas District 24,4824
"Congressional District 25, Texas",2024,1-year 2024 American Community Survey,90988,11.00%,87.80%,4112,7.40%,40583,28363,834000000,2398000000,48,25,4825,District boundaries shown reflect those in effect for the 2024 elections (119th Congress),Texas,25,Texas District 25,4825
"Congressional District 26, Texas",2024,1-year 2024 American Community Survey,160628,18.20%,84.70%,7115,6.40%,86717,60605,2702000000,7772000000,48,26,4826,District boundaries shown reflect those in effect for the 2024 elections (119th Congress),Texas,26,Texas District 26,4826
"Congressional District 27, Texas",2024,1-year 2024 American Community Survey,71952,9.10%,78.20%,4919,11.60%,22435,15680,763000000,2196000000,48,27,4827,District boundaries shown reflect those in effect for the 2024 elections (119th Congress),Texas,27,Texas District 27,4827
"Congressional District 28, Texas",2024,1-year 2024 American Community Survey,139371,16.90%,90.80%,9529,12.10%,53116,37122,1120000000,3221000000,48,28,4828,District boundaries shown reflect those in effect for the 2024 elections (119th Congress),Texas,28,Texas District 28,4828
"Congressional District 29, Texas",2024,1-year 2024 American Community Survey,265908,35.20%,93.60%,17188,11.60%,78964,55186,2025000000,5824000000,48,29,4829,District boundaries shown reflect those in effect for the 2024 elections (119th Congress),Texas,29,Texas District 29,4829
"Congressional District 30, Texas",2024,1-year 2024 American Community Survey,135493,17.20%,87.30%,5260,6.00%,57233,39999,1558000000,4482000000,48,30,4830,District boundaries shown reflect those in effect for the 2024 elections (119th Congress),Texas,30,Texas District 30,4830
"Congressional District 31, Texas",2024,1-year 2024 American Community Survey,116732,12.90%,84.40%,6296,8.40%,50508,35299,1899000000,5462000000,48,31,4831,District boundaries shown reflect those in effect for the 2024 elections (119th Congress),Texas,31,Texas District 31,4831
"Congressional District 32, Texas",2024,1-year 2024 American Community Survey,213488,27.90%,88.10%,10174,7.40%,69624,48659,2089000000,6009000000,48,32,4832,District boundaries shown reflect those in effect for the 2024 elections (119th Congress),Texas,32,Texas District 32,4832
"Congressional District 33, Texas",2024,1-year 2024 American Community Survey,285867,36.20%,94.70%,15629,8.80%,72048,50353,2800000000,8054000000,48,33,4833,District boundaries shown reflect those in effect for the 2024 elections (119th Congress),Texas,33,Texas District 33,4833
"Congressional District 34, Texas",2024,1-year 2024 American Community Survey,179507,22.50%,95.90%,13902,15.10%,59743,41753,1487000000,4278000000,48,34,4834,District boundaries shown reflect those in effect for the 2024 elections (119th Congress),Texas,34,Texas District 34,4834
"Congressional District 35, Texas",2024,1-year 2024 American Community Survey,167988,19.20%,91.10%,10152,9.30%,53978,37724,1882000000,5413000000,48,35,4835,District boundaries shown reflect those in effect for the 2024 elections (119th Congress),Texas,35,Texas District 35,4835
"Congressional District 36, Texas",2024,1-year 2024 American Community Survey,118628,14.50%,86.60%,5473,8.10%,52269,36530,1260000000,3625000000,48,36,4836,District boundaries shown reflect those in effect for the 2024 elections (119th Congress),Texas,36,Texas District 36,4836
"Congressional District 37, Texas",2024,1-year 2024 American Community Survey,153494,19.80%,81.30%,6358,5.90%,58698,41023,2975000000,8559000000,48,37,4837,District boundaries shown reflect those in effect for the 2024 elections (119th Congress),Texas,37,Texas District 37,4837
"Congressional District 38, Texas",2024,1-year 2024 American Community Survey,198960,24.50%,87.30%,11513,9.40%,95177,66518,2759000000,7937000000,48,38,4838,District boundaries shown reflect those in effect for the 2024 elections (119th Congress),Texas,38,Texas District 38,4838
"Congressional District 2, Utah",2024,1-year 2024 American Community Survey,104697,11.90%,85.30%,3413,5.10%,35579,22833,934000000,2679000000,49,2,4902,District boundaries shown reflect those in effect for the 2024 elections (119th Congress),Utah,2,Utah District 2,4902
"Congressional District 3, Utah",2024,1-year 2024 American Community Survey,73020,8.80%,79.70%,3379,7.20%,29884,19179,788000000,2259000000,49,3,4903,District boundaries shown reflect those in effect for the 2024 elections (119th Congress),Utah,3,Utah District 3,4903
"Congressional District 4, Utah",2024,1-year 2024 American Community Survey,102221,11.10%,84.40%,3685,5.20%,41517,26644,1177000000,3375000000,49,4,4904,District boundaries shown reflect those in effect for the 2024 elections (119th Congress),Utah,4,Utah District 4,4904
"Congressional District 1, Virginia",2024,1-year 2024 American Community Survey,76839,9.30%,77.10%,2367,4.80%,46121,34488,1334000000,3278000000,51,1,5101,,Virginia,1,Virginia District 1,5101
"Congressional District 2, Virginia",2024,1-year 2024 American Community Survey,70135,8.90%,77.40%,3277,8.30%,38620,28879,1031000000,2533000000,51,2,5102,,Virginia,2,Virginia District 2,5102
"Congressional District 4, Virginia",2024,1-year 2024 American Community Survey,67467,8.30%,80.90%,2010,5.50%,24113,18031,602000000,1479000000,51,4,5104,,Virginia,4,Virginia District 4,5104
"Congressional District 7, Virginia",2024,1-year 2024 American Community Survey,137479,16.70%,86.30%,7208,7.90%,71245,53275,1824000000,4482000000,51,7,5107,,Virginia,7,Virginia District 7,5107
"Congressional District 8, Virginia",2024,1-year 2024 American Community Survey,216070,27.40%,86.50%,11438,8.40%,112472,84103,3335000000,8196000000,51,8,5108,,Virginia,8,Virginia District 8,5108
"Congressional District 10, Virginia",2024,1-year 2024 American Community Survey,205621,25.00%,87.70%,7277,5.00%,121121,90571,4043000000,9934000000,51,10,5110,,Virginia,10,Virginia District 10,5110
"Congressional District 11, Virginia",2024,1-year 2024 American Community Survey,249121,31.40%,86.00%,8930,5.40%,150565,112588,4884000000,12001000000,51,11,5111,,Virginia,11,Virginia District 11,5111
"Congressional District 1, Washington",2024,1-year 2024 American Community Survey,224098,27.60%,86.80%,8372,5.60%,97193,68432,7184000000,17107000000,53,1,5301,,Washington,1,Washington District 1,5301
"Congressional District 2, Washington",2024,1-year 2024 American Community Survey,108723,13.80%,78.00%,4770,7.70%,56715,39932,1802000000,4290000000,53,2,5302,,Washington,2,Washington District 2,5302
"Congressional District 3, Washington",2024,1-year 2024 American Community Survey,70149,8.70%,80.40%,4111,9.10%,38972,27439,1091000000,2599000000,53,3,5303,,Washington,3,Washington District 3,5303
"Congressional District 4, Washington",2024,1-year 2024 American Community Survey,130640,16.40%,88.50%,4902,6.00%,45217,31837,1398000000,3329000000,53,4,5304,,Washington,4,Washington District 4,5304
"Congressional District 7, Washington",2024,1-year 2024 American Community Survey,155260,19.10%,76.10%,5111,4.60%,70995,49986,4517000000,10757000000,53,7,5307,,Washington,7,Washington District 7,5307
"Congressional District 8, Washington",2024,1-year 2024 American Community Survey,134834,17.00%,78.90%,4949,5.80%,70545,49670,3538000000,8426000000,53,8,5308,,Washington,8,Washington District 8,5308
"Congressional District 9, Washington",2024,1-year 2024 American Community Survey,259480,33.50%,89.00%,13018,7.70%,127986,90113,4456000000,10611000000,53,9,5309,,Washington,9,Washington District 9,5309
"Congressional District 10, Washington",2024,1-year 2024 American Community Survey,89750,11.60%,79.30%,4660,8.50%,52475,36947,1355000000,3226000000,53,10,5310,,Washington,10,Washington District 10,5310
"Congressional District 4, Wisconsin",2024,1-year 2024 American Community Survey,80965,11.20%,88.30%,2035,4.20%,31309,23768,749000000,2092000000,55,4,5504,,Wisconsin,4,Wisconsin District 4,5504
"Congressional District (at Large), Alaska",2024,1-year 2024 American Community Survey,55396,7.50%,78.70%,,,31650,22451,632478624,2005144767,02,0,0200,,Alaska,2,Alaska At Large,0200
"Congressional District (at Large), North Dakota",2024,1-year 2024 American Community Survey,41626,5.20%,69.00%,,,,,320893078,1133517065,38,0,3800,,North Dakota,38,North Dakota At Large,3800
"Congressional District (at Large), South Dakota",2024,1-year 2024 American Community Survey,37073,4.00%,80.30%,,6.40%,14645,,350002949,1098323559,46,0,4600,,South Dakota,46,South Dakota At Large,4600
"Congressional District (at Large), Vermont",2024,1-year 2024 American Community Survey,27680,4.30%,73.30%,,,17467,13378,368368172,908205152,50,0,5000,,Vermont,50,Vermont At Large,5000
"Congressional District (at Large), Wyoming",2024,1-year 2024 American Community Survey,18573,3.20%,67.70%,,,8211,,239685975,703173003,56,0,5600,,Wyoming,56,Wyoming At Large,5600
"Congressional District 2, Arizona",2024,1-year 2024 American Community Survey,48423,5.70%,74.70%,3085,12.70%,23608,17635,457820595,1345641188,04,2,0402,,Arizona,2,Arizona District 2,0402
"Congressional District 2, Connecticut",2024,1-year 2024 American Community Survey,56519,7.70%,74.30%,2513,12.30%,33225,24072,1007910762,2278108876,09,2,0902,,Connecticut,2,Connecticut District 2,0902
"Congressional District 1, Idaho",2024,1-year 2024 American Community Survey,56939,5.50%,79.90%,3400,9.30%,26209,15645,480634810,1521219981,16,1,1601,,Idaho,1,Idaho District 1,1601
"Congressional District 1, Maryland",2024,1-year 2024 American Community Survey,49035,6.20%,77.80%,2933,14.70%,31228,24781,739298169,1723579863,24,1,2401,,Maryland,1,Maryland District 1,2401
"Congressional District 1, Massachusetts",2024,1-year 2024 American Community Survey,64703,8.30%,77.10%,3167,14.10%,34487,24441,757482617,1837588552,25,1,2501,,Massachusetts,1,Massachusetts District 1,2501
"Congressional District 1, Utah",2024,1-year 2024 American Community Survey,61778,7.10%,78.50%,,,24585,15778,678918117,1947188669,49,1,4901,District boundaries shown reflect those in effect for the 2024 elections (119th Congress),Utah,1,Utah District 1,4901