nyt_wage,nyt_name,oes,det_phys_prox,det_contact_others,det_exp_to_dis_or_inf,score,nyt_emp,oes_top,oes_fbpop,fbshare,oes_totpop,oes_fbobs,oes_totobs,aboveAVG,healthProfessions,fbshareColor,essential
106095.2601,"Managers, All Other",119199,41.75493289,75.97581493,1.452526752,39.72775819,485010,11,540666,0.1433066726,3772790,23967,187461,0,0,0.14,
58346.89273,Elementary and Middle School Teachers,252020,76.29365727,95.57661052,48.26532801,73.37853193,2032880,25,257595,0.07040376961,3658824,12723,195948,0,0,0.07,
27071.23913,Driver/Sales Workers and Truck Drivers,533030,74.07615397,92,11.58476921,59.22030773,3130500,53,640674,0.1790107638,3578969,24167,166696,1,0,0.18,1
24200,Retail Salespersons,412031,69,97,19,61.66666794,4448120,41,460346,0.1337039024,3443026,18842,155501,0,0,0.13,
22444.74996,Cashiers,412010,74.96989805,96.00602039,27.99397961,66.32329935,3657570,41,528978,0.1579951942,3348064,20726,145957,0,0,0.16,
71730,Registered Nurses,291141,77,88,80,81.66666412,2951960,29,487539,0.1537319273,3171358,22133,158588,0,1,0.15,
39630,First-Line Supervisors of Retail Sales Workers,411011,66,96,10,57.33333206,1181530,41,418770,0.1342659593,3118959,17363,144929,0,0,0.13,
33750,Customer Service Representatives,434051,58,96,5,53,2871400,43,318794,0.111943014,2847824,13243,126860,0,0,0.11,
36630,"Secretaries and Administrative Assistants, Except Legal, Medical, and Executive",436014,43,97,29,56.33333206,2165310,43,241635,0.08771347255,2754822,11724,148842,0,0,0.09,
26110,"Janitors and Cleaners, Except Maids and Housekeeping Cleaners",372011,48,70,47,55,2156270,37,715788,0.2767422497,2586479,26935,120023,1,0,0.28,
25550.60765,Cooks,352010,74.89130125,70.682709,15.54676847,53.70692624,2384940,35,696105,0.2947504222,2361676,24214,98330,1,0,0.29,1
28260,"Laborers and Freight, Stock, and Material Movers, Hand",537062,70,75,3,49.33333206,2893180,53,362516,0.158163175,2292038,13658,102994,0,0,0.16,1
21780,Waiters and Waitresses,353031,78,95,16,63,2582410,35,376190,0.1688245237,2228290,14200,91560,0,0,0.17,
70500,Accountants and Auditors,132011,39,88,0,42.33333206,1259930,13,333823,0.1687077284,1978706,15989,101024,0,0,0.17,
35800,Construction Laborers,472061,73,91,10,58,1001470,47,685972,0.376200974,1823419,22531,74502,1,0,0.38,
37218.52075,"Healthcare Support Workers, All Other",319099,77.61542185,87.15373444,66.76770401,77.17895343,144600,31,388022,0.2481690645,1563539,16469,70482,1,1,0.25,
23770,Maids and Housekeeping Cleaners,372012,42,87,52,60.33333206,924290,37,789997,0.5063710213,1560115,28494,64238,1,0,0.51,
28540,Nursing Assistants,311014,91,89,83,87.66666412,1450960,31,347289,0.2321473807,1495985,13662,64315,1,1,0.23,
78009.43193,Postsecondary Teachers,251000,53.71739094,87.04410647,17.8043034,52.85526694,1184180,25,324848,0.2287077308,1420363,16008,75453,1,0,0.23,
62493.85399,"Sales Representatives, Wholesale and Manufacturing",414010,50.87089637,93.87089637,3.564551817,49.43544818,1663160,41,136543,0.09852518886,1385869,6204,68582,0,0,0.10,
32730,"Office Clerks, General",439061,64,93,28,61.66666794,2972930,43,170140,0.1241942197,1369951,7582,67371,0,0,0.12,
55810,First-Line Supervisors of Office and Administrative Support Workers,431011,47,93,9,49.66666794,1477560,43,151176,0.1113324538,1357879,6991,67819,0,0,0.11,
23240,Childcare Workers,399011,68,73,35,58.66666794,564630,39,265473,0.2036102861,1303829,10665,60029,1,0,0.20,1
73390,First-Line Supervisors of Non-Retail Sales Workers,411012,43,96,4,47.66666794,247570,41,186469,0.1503196806,1240483,8295,60773,0,0,0.15,
189600,Chief Executives,111011,43,85,3,43.66666794,195530,11,165438,0.1346759796,1228415,8156,64717,0,0,0.13,
46590,Carpenters,472031,79,84,5,56,718730,47,382072,0.3128045499,1221440,12477,52340,1,0,0.31,
30924.11889,Other production workers including semiconductor processors and cooling and freezing equipment operators,519199,56.28126104,74.55584223,19.56835371,50.13515233,282940,51,269189,0.2229068577,1207630,10439,56557,1,0,0.22,
40240,"Bookkeeping, Accounting, and Auditing Clerks",433031,44,87,4,45,1530430,43,134735,0.1117679179,1205489,6556,64778,0,0,0.11,
29140,Receptionists and Information Clerks,434171,52,100,31,61,1043630,43,119488,0.1004813462,1189156,5058,54462,0,0,0.10,
29000,Landscaping and Groundskeeping Workers,373011,76,55,9,46.66666794,913480,37,421094,0.3550336063,1186068,13771,49853,1,0,0.36,
127990,Financial Managers,113031,35,82,4,40.33333206,608120,11,166696,0.1426305175,1168726,7739,57841,0,0,0.14,
27574.8513,Teaching Assistants,259041,85.57340487,90.91012611,33.30378319,69.92910472,1463050,25,163123,0.139638111,1168184,7654,59943,0,0,0.14,
103620,"Software Developers, Applications",151132,50,70,0,40,903160,15,451858,0.3883679807,1163479,20162,55906,1,0,0.39,
120482.6952,"Lawyers, and Judges, Magistrates and Other Judicial Workers",231011,35.50808771,91.93292762,15.20007517,16.90272096,691790,23,80078,0.07117684186,1125057,3920,59831,0,0,0.07,
34505.32544,Miscellaneous Assemblers and Fabricators,512090,81.65088757,76.14201183,2.893491124,53.56213018,21970,51,225038,0.2168650031,1037687,8620,46884,1,0,0.22,
23730,Food Preparation Workers,352021,69,81,6,52,814600,35,231029,0.2262485921,1021129,8177,43693,1,0,0.23,1
28528.11428,Security Guards and Gaming Surveillance Officers,339030,68.09096487,86.04548243,16.10915784,56.74853505,1124610,33,132003,0.1334846765,988900,5239,43218,0,0,0.13,1
54240,Food Service Managers,119051,78,97,10,61.66666794,219160,11,218227,0.2214490771,985450,8243,40944,1,0,0.22,
89189.41068,Education Administrators,119030,49.89628663,91.94299478,21.28572862,54.37500335,498200,11,78533,0.08519221842,921833,3921,49042,0,0,0.09,
100930,General and Operations Managers,111021,55,95,14,54.66666794,2289770,11,106016,0.115153797,920647,4804,44882,0,0,0.12,
60420,First-Line Supervisors of Production and Operating Workers,511011,65,91,1,52.33333206,622790,51,133015,0.1471963376,903657,5847,46147,0,0,0.15,
198990.8318,Physicians,291060,54.55304698,83.37570166,74.26425802,70.73100222,644900,29,246318,0.2790177763,882804,12065,46100,1,1,0.28,
24730,"Hairdressers, Hairstylists, and Cosmetologists",395012,92,96,32,73.33333588,377210,39,145096,0.1674914509,866289,5879,38869,0,0,0.17,
46240,Licensed Practical and Licensed Vocational Nurses,292061,90,97,94,93.66666412,701690,29,123934,0.1436040103,863026,5313,41509,0,1,0.14,
40710,Automotive Service Technicians and Mechanics,493023,53,75,5,44.33333206,648050,49,170377,0.1975305378,862535,6422,39218,1,0,0.20,
83610,Management Analysts,131111,41,82,2,41.66666794,684470,13,137604,0.1613789946,852676,6403,43379,0,0,0.16,
50637.66795,Real Estate Brokers and Sales Agents,419020,67.52202151,97.56789121,4.40917394,56.49969556,197080,41,111854,0.1311876476,852626,5171,41630,0,0,0.13,
25143.88603,Other Agricultural Workers,452090,29.43698715,46.16303548,5.335351706,26.97845811,353420,45,412161,0.4952899814,832161,16223,41453,1,0,0.50,
61669.84906,Human Resources Workers,131070,42.15685486,93.53815207,4.539046086,46.74468434,671130,13,76648,0.09339924902,820649,3498,38854,0,0,0.09,
38250,"Inspectors, Testers, Sorters, Samplers, and Weighers",519061,65,85,4,51.33333206,557510,51,147086,0.1793316156,820190,6201,39153,1,0,0.18,
55190,Electricians,472111,75,90,11,58.66666794,655840,47,116316,0.1445344836,804763,4350,37456,0,0,0.14,
65230,First-Line Supervisors of Construction Trades and Extraction Workers,471011,71,85,5,53.66666794,598210,47,118867,0.1495447606,794859,4964,40178,0,0,0.15,
60315.19747,Secondary School Teachers,252030,70.48025296,92.93139243,17.96050592,60.45738377,1129030,25,53895,0.06965950131,773692,2593,39388,0,0,0.07,
61380,Police and Sheriff's Patrol Officers,333051,73,95,61,76.33333588,661330,33,44805,0.05820259824,769811,1933,36149,0,0,0.06,1
90270,"Computer Occupations, All Other",151199,39,61,0,33.33333206,381380,15,131294,0.1808111072,726139,5549,34324,1,0,0.18,
93370,Construction Managers,119021,50,92,4,48.66666794,278460,11,85344,0.1250556856,682448,3449,32286,0,0,0.13,
99730,Medical and Health Services Managers,119111,45,87,34,55.33333206,372670,11,84803,0.1243702844,681859,3941,34095,0,0,0.12,
41582.25609,Other Teachers and Instructors,253010,76.76787554,91.69637337,10.11165775,59.52530222,300830,25,78113,0.1154952198,676331,3742,33919,0,0,0.12,
54550,"Sales Representatives, Services, All Other",413099,52,83,9,48,1033820,41,59397,0.08953840286,663369,2672,31407,0,0,0.09,
53613.09903,Computer Support Specialists,151150,61.99000074,96.106667,9.116666256,55.737778,812060,15,100041,0.1536267996,651195,4567,31165,0,0,0.15,
58340,"Property, Real Estate, and Community Association Managers",119141,51,88,2,47,202550,11,79051,0.1296793967,609588,3484,29465,0,0,0.13,
41073.24534,"Welding, Soldering, and Brazing Workers",514120,45.66926721,64.00780164,0,36.55902295,424270,51,112442,0.1850683838,607570,4253,28891,1,0,0.19,
33030,"Shipping, Receiving, and Traffic Clerks",435071,46,87,4,45.66666794,655590,43,111259,0.1831764579,607387,4266,27280,1,0,0.18,
34750,Industrial Truck and Tractor Operators,537051,34,81,4,39.66666794,604130,53,118357,0.1990983486,594465,4296,25245,1,0,0.20,1
142530,Computer and Information Systems Managers,113021,41,90,1,44,391430,11,120623,0.2039797157,591348,5827,30101,1,0,0.20,
21373.31659,Fast Food and Counter Workers,353023,73.88581797,92.88581797,6.543271872,57.77163594,4150040,35,71316,0.1209311485,589724,2753,25482,0,0,0.12,
38929.77941,Painters and Paperhangers,472140,63.75951557,83.84368512,4.08416955,50.56245675,231200,47,264478,0.4509213567,586528,8334,22752,1,0,0.45,
35843.74244,Preschool and Kindergarten Teachers,252010,78.36035128,94.05585949,55.77656205,76.06425761,555680,25,67702,0.1156990603,585156,2973,26822,0,0,0.12,
32450,First-Line Supervisors of Food Preparation and Serving Workers,351012,95,96,26,72.33333588,964400,35,88312,0.1523166895,579792,3499,24774,0,0,0.15,1
67950,"Farmers, Ranchers, and Other Agricultural Managers",119013,51,77,4,44,4770,11,37586,0.06635161489,566467,1819,40128,0,0,0.07,
50600,Insurance Sales Agents,413021,61,93,10,54.66666794,393830,41,55096,0.09915415943,555660,2357,27093,0,0,0.10,
96980,"Engineers, All Other",172199,38,67,0,35,142030,17,131739,0.2416090071,545257,6271,27702,1,0,0.24,
38300,"Maintenance and Repair Workers, General",499071,69,83,44,65.33333588,1384240,49,82678,0.1527334899,541322,3417,27107,0,0,0.15,
88740,Computer Systems Analysts,151121,48,80,5,44.33333206,587970,15,122337,0.2308136374,530025,5466,25807,1,0,0.23,
33610,Medical Assistants,319092,88,96,83,89,673660,31,78797,0.1493023485,527768,3124,22419,0,1,0.15,
25980,Taxi Drivers and Chauffeurs,533041,79,86,25,63.33333206,207920,53,232564,0.4523975253,514070,8686,21328,1,0,0.45,1
53910,"Plumbers, Pipefitters, and Steamfitters",472152,60,79,21,53.33333206,438070,47,88825,0.1731184572,513088,3112,22736,1,0,0.17,
37800,Billing and Posting Clerks,433021,46,91,0,45.66666794,469250,43,56391,0.1123570651,501891,2505,23986,0,0,0.11,
134290,Marketing Managers,112021,47,90,2,46.33333206,240440,11,58238,0.1180814356,493202,2694,23910,0,0,0.12,
24580,"Packers and Packagers, Hand",537064,70,79,5,51.33333206,663970,53,198046,0.4016475976,493084,7119,20010,1,0,0.40,
24200,Home Health Aides,311011,84,84,63,77,797670,31,131558,0.2769781947,474976,5079,20283,1,0,0.28,
124220,Sales Managers,112022,48,96,3,49,379050,11,48979,0.107198514,456900,2273,22036,0,0,0.11,
48990,Clergy,212011,55,95,40,63.33333206,50960,21,58949,0.1318282932,447165,3198,26462,0,0,0.13,
22550,Bartenders,353011,79,93,4,58.66666794,631480,35,38609,0.08707350492,443407,1494,18137,0,0,0.09,
48460,Chefs and Head Cooks,351011,81,93,15,63,128600,35,156254,0.3543519974,440957,5938,17806,1,0,0.35,1
84280,Computer Programmers,151131,39,79,0,39.33333206,230470,15,115110,0.2629769444,437719,5191,21392,1,0,0.26,
35984.41333,Other Metal Workers and Plastic Workers,514190,58.176,72.42946667,3.806533333,44.804,75000,51,107284,0.2544011176,421712,4264,19779,1,0,0.25,
113300,Human Resources Managers,113121,41,91,5,45.66666794,143580,11,55231,0.1338732094,412562,2883,21766,0,0,0.13,
50940,Paralegals and Legal Assistants,232011,39,89,1,43,309940,23,40290,0.09994839877,403108,1854,19303,0,0,0.10,
47610,"Heating, Air Conditioning, and Refrigeration Mechanics and Installers",499021,56,84,15,51.66666794,324310,49,61055,0.1563168019,390585,2249,17647,0,0,0.16,
44330,Correctional Officers and Jailers,333012,81,98,72,83.66666412,415000,33,24066,0.06210853159,387483,960,18547,0,0,0.06,1
88890,Personal Financial Advisors,132052,37,85,2,41.33333206,200260,13,42238,0.1106616408,381686,1912,18740,0,0,0.11,
52340,Industrial Machinery Mechanics,499041,72,83,15,56.66666794,362440,49,52370,0.1379777342,379554,2154,19224,0,0,0.14,
65320,Social and Community Service Managers,119151,42,92,26,53.33333206,149870,11,32831,0.08737621456,375743,1569,19370,0,0,0.09,
24530,Cleaners of Vehicles and Equipment,537061,55,59,16,43.33333206,378850,53,98772,0.2633456588,375066,3412,15309,1,0,0.26,1
32700,Pharmacy Technicians,292052,83,95,72,83.33333588,417860,29,44801,0.1216288134,368342,1944,16784,0,1,0.12,
47030.68459,Construction Equipment Operators,472070,56.91164196,76.54841015,2.371186792,45.27707963,433690,47,42888,0.1212607846,353684,1607,18601,0,0,0.12,
54270,Set and Exhibit Designers,271027,53,85,1,46.33333206,10590,27,60794,0.1722878218,352863,2697,17110,0,0,0.17,
43630,Machinists,514041,52,74,4,43.33333206,384350,51,47279,0.1353520155,349304,1999,17741,0,0,0.14,
39660,Insurance Claims and Policy Processing Clerks,439041,46,84,0,43.33333206,274560,43,26918,0.07727929205,348321,1147,16258,0,0,0.08,
86640,Civil Engineers,172051,45,77,4,42,306030,17,60706,0.1753753424,346149,2855,17330,1,0,0.18,
47580,"Production, Planning, and Expediting Clerks",435061,52,93,3,49.33333206,350150,43,32192,0.09425073862,341557,1464,16710,0,0,0.09,
32170,Data Entry Keyers,439021,57,81,11,49.66666794,174930,43,36356,0.1080930009,336340,1716,16862,0,0,0.11,
56310,"Educational, Guidance, School, and Vocational Counselors",211012,64,99,36,66.33333588,285460,21,28116,0.08472017944,331869,1264,16517,0,0,0.08,
29450,Tellers,433071,76,99,34,69.66666412,468470,43,41019,0.1240890473,330561,1689,16151,0,0,0.12,
22730,Dishwashers,359021,63,65,30,52.66666794,504770,35,98114,0.2975793779,329707,3251,13663,1,0,0.30,1
22270,Dining Room and Cafeteria Attendants and Bartender Helpers,359011,82,93,15,63.33333206,455700,35,90304,0.2740603983,329504,3363,14161,1,0,0.27,1
55210,Postal Service Mail Carriers,435052,57,70,8,45,342410,43,36587,0.1125068441,325198,1804,17085,0,0,0.11,
22160,"Hosts and Hostesses, Restaurant, Lounge, and Coffee Shop",359031,79,95,16,63.33333206,416950,35,31039,0.0974368602,318555,1208,13899,0,0,0.10,
32420,"Bus Drivers, School or Special Client",533022,84,90,67,80.33333588,504150,53,41268,0.1306855083,315781,1735,15723,0,0,0.13,1
61166.40113,Credit Counselors and Loan Officers,132070,41.7901905,94,4.314714256,46.70163492,340690,13,30187,0.09595023841,314611,1326,15077,0,0,0.10,
63120,Market Research Analysts and Marketing Specialists,131161,36,81,0,39,638200,13,40186,0.1278998405,314199,1908,15175,0,0,0.13,
65730.40306,"Claims Adjusters, Appraisers, Examiners, and Investigators",131030,42.89964678,92.35123626,3.451589476,46.23415751,302930,13,25509,0.08206868917,310825,1118,14652,0,0,0.08,
47350,Bus and Truck Mechanics and Diesel Engine Specialists,493031,62,82,9,51,264860,49,34791,0.1144858822,303889,1452,14794,0,0,0.11,
50370,Graphic Designers,271024,34,76,0,36.66666794,217810,27,40698,0.1350540519,301346,1849,14725,0,0,0.14,
126120,Pharmacists,291051,72,97,76,81.66666412,309550,29,61167,0.2034424245,300660,2885,15402,1,1,0.20,
39750,Word Processors and Typists,439022,47,92,22,53.66666794,53130,43,41111,0.1367467642,300636,2221,16997,0,0,0.14,
57228.00428,"Other Engineering Technicians, Except Drafters",173029,52.97043994,77.1685945,7.072631406,45.73722195,303450,17,44849,0.1498573273,299278,2089,14783,0,0,0.15,
38660,Dental Assistants,319091,99,97,96,97.33333588,341060,31,48808,0.1644153148,296858,2084,13375,0,1,0.16,
49620,Firefighters,332011,74,89,44,69,321570,33,8893,0.03004016355,296037,391,14391,0,0,0.03,1
70530,"Business Operations Specialists, All Other",131199,47,80,0,42.33333206,1060580,13,44757,0.154877618,288983,2086,14256,0,0,0.15,
39320,"Installation, Maintenance, and Repair Workers, All Other",499099,50,80,7,45.66666794,157030,49,45525,0.1626119316,279961,1773,13168,0,0,0.16,
66140,"First-Line Supervisors of Mechanics, Installers, and Repairers",491011,69,95,19,61,471820,49,27148,0.09870348871,275046,1153,14064,0,0,0.10,
30160,Packaging and Filling Machine Operators and Tenders,519111,59,85,4,49.33333206,395330,51,107207,0.3988177478,268812,3822,11280,1,0,0.40,
87370,Mechanical Engineers,172141,42,70,0,37.33333206,303440,17,51672,0.1938293576,266585,2189,12916,1,0,0.19,
59526.09796,Special Education Teachers,252050,80.67614042,96.93832247,45.71040572,74.44162287,475700,25,18610,0.07036235929,264488,797,12669,0,0,0.07,
28913.19696,"Butchers and Other Meat, Poultry, and Fish Processing Workers",513020,79.59618225,66.931986,15.51143138,54.01319988,365660,51,90865,0.3470593691,261814,2999,10825,1,0,0.35,
42080,"Bus Drivers, Transit and Intercity",533021,78,88,47,71,174110,53,41522,0.1595294327,260278,1750,12725,0,0,0.16,1
23760,Nonfarm Animal Caretakers,392021,66,94,64,74.66666412,199850,39,20801,0.08155431598,255057,908,12146,0,0,0.08,1
24330,Manicurists and Pedicurists,395092,90,88,27,68.33333588,110170,39,174064,0.6847548485,254199,7102,10507,1,0,0.68,
68860,Compliance Officers,131041,41,70,1,37.33333206,300900,13,26611,0.1060368195,250960,1306,12805,0,0,0.11,
103380,Industrial Production Managers,113051,38,85,2,41.66666794,181310,11,34462,0.1394754052,247083,1559,12554,0,0,0.14,
87930,Physical Therapists,291123,100,100,67,89,228600,29,34865,0.141428113,246521,1683,12414,0,1,0.14,
94730,"Transportation, Storage, and Distribution Managers",113071,42,85,2,43,124810,11,28397,0.1162439436,244288,1211,11243,0,0,0.12,
48610,Aircraft Cargo Handling Supervisors,531011,68,97,10,58.33333206,8920,53,34852,0.1443918347,241371,1486,11544,0,0,0.14,1
107230,"Physical Scientists, All Other",192099,40,68,0,36,17380,19,95149,0.3943542242,241278,4635,12267,1,0,0.39,
64120,"Securities, Commodities, and Financial Services Sales Agents",413031,43,89,0,44,415890,41,32203,0.1346639544,239136,1411,11348,0,0,0.13,
31700,File Clerks,434071,47,87,19,51,110020,43,26477,0.1118853614,236644,1333,12184,0,0,0.11,
39940,First-Line Supervisors of Housekeeping and Janitorial Workers,371011,51,86,47,61.33333206,154180,37,56496,0.240733251,234683,2226,10394,1,0,0.24,
62170,Writers and Authors,273043,14,44,0,19.33333397,45210,27,17648,0.07566552609,233237,852,12126,0,0,0.08,
26520,Bakers,513011,55,86,7,49.33333206,180010,51,70980,0.305989176,231969,2647,9877,1,0,0.31,
33780,Coaches and Scouts,272022,74,94,9,59,236970,27,22397,0.09658333659,231893,1004,10965,0,0,0.10,
28720,Couriers and Messengers,435021,45,92,73,70,75720,43,37196,0.1604832262,231775,1495,10625,0,0,0.16,
39820,Fitness Trainers and Aerobics Instructors,399031,83,84,22,63,308470,39,20294,0.08974126726,226139,949,10877,0,0,0.09,
50510.16961,Heavy Vehicle and Mobile Equipment Service Technicians and Mechanics,493040,50.9693898,80.61531513,14.37203934,48.65224809,199280,49,24678,0.1093451604,225689,990,11695,0,0,0.11,
25060,Recreation Workers,399032,72,95,37,68,353570,39,19510,0.08694605529,224392,900,10937,0,0,0.09,
22706.14926,Other Entertainment Attendants and Related Workers,393090,82.8257937,96.60739621,24.06634492,67.83317828,343960,39,17906,0.08196766675,218452,806,10321,0,0,0.08,
85660,Financial Analysts,132051,47,83,0,43.33333206,306200,13,41184,0.1910239458,215596,1879,10246,1,0,0.19,
59340,Executive Secretaries and Executive Administrative Assistants,436011,39,93,8,46.66666794,570530,43,19282,0.08985632658,214587,955,11505,0,0,0.09,
82050,Network and Computer Systems Administrators,151142,54,87,3,48,366250,15,31955,0.1493657082,213938,1477,10638,0,0,0.15,
39970,Roofers,472181,77,88,4,56.33333206,128680,47,98380,0.4627665281,212591,2923,7652,1,0,0.46,
34320,Emergency Medical Technicians and Paramedics,292041,97,90,89,92,257210,29,11668,0.05505123734,211948,468,10137,0,1,0.06,
99174.95508,Electrical and Electronics Engineers,172070,46.74507174,77.16338116,1.83661884,41.91502391,320600,17,56783,0.2680314481,211852,2624,10344,1,0,0.27,
87219.28151,"Industrial Engineers, Including Health and Safety",172110,48.65687749,72.25734188,2.428903133,41.11437417,305780,17,37158,0.1789643019,207628,1678,10400,1,0,0.18,
77182.95366,Artists and Related Workers,271010,48.90328316,77.05286239,0.09434633163,42.01683063,84370,27,27791,0.1352445632,205487,1316,10625,0,0,0.14,
33750,Social and Human Service Assistants,211093,79,99,58,78.66666412,392300,21,24389,0.1194584742,204163,1107,9870,0,0,0.12,
39470,"Dispatchers, Except Police, Fire, and Ambulance",435032,58,97,9,54.66666794,199880,43,21359,0.1052193418,202995,833,9414,0,0,0.11,
59520,Radiologic Technologists,292034,89,99,92,93.33333588,205590,29,21740,0.1073151007,202581,1014,10089,0,1,0.11,
118940,Purchasing Managers,113061,41,89,1,43.66666794,69490,11,21056,0.1064380482,197824,992,10119,0,0,0.11,
49946.62606,"Other Life, Physical, and Social Science Technicians",194099,50.16260584,73.03741144,9.106791083,44.10226945,115740,19,28231,0.1441548616,195838,1329,9626,0,0,0.14,
62920,Aircraft Mechanics and Service Technicians,493011,54,61,4,39.66666794,131690,49,21947,0.1181038395,185828,902,8683,0,0,0.12,
38480,"Computer, Automated Teller, and Office Machine Repairers",492011,63,78,5,48.66666794,102810,49,25771,0.1387044042,185798,1067,8477,0,0,0.14,
23290,"Food Servers, Nonrestaurant",353041,72,95,39,68.66666412,266190,35,37893,0.2039582729,185788,1599,8354,1,0,0.20,1
41420,Massage Therapists,319011,89,85,35,69.66666412,105160,31,29614,0.1598501503,185261,1340,8790,0,0,0.16,
23210,Laundry and Dry-Cleaning Workers,516011,53,56,55,54.66666794,213350,51,73880,0.4016942084,183921,2710,8083,1,0,0.40,
59480,Editors,273041,54,89,0,47.66666794,95750,27,14652,0.08090914786,181092,748,9545,0,0,0.08,
74820,Dental Hygienists,292021,100,100,100,100,215150,29,17022,0.09417166561,180755,763,9226,0,1,0.09,
25030,Sewing Machine Operators,516031,62,64,0,42,136450,51,91891,0.5086405277,180660,3998,8724,1,0,0.51,
35265.29824,Librarians and Media Collections Specialists,254022,31.70756318,49.70059827,16.49455309,32.63423818,223980,25,13293,0.07415071875,179270,701,10177,0,0,0.07,
49270,Exercise Physiologists,291128,93,94,55,80.66666412,6740,29,18847,0.1065741554,176844,851,8458,0,1,0.11,
34000,Photographers,274021,68,78,4,50,49560,27,20614,0.1184460744,174037,883,8264,0,0,0.12,
36220,Printing Press Operators,515112,42,78,0,40,173470,51,28891,0.1665753722,173441,1168,8134,0,0,0.17,
40350,Medical Records and Health Information Technicians,292071,50,74,24,49.33333206,208650,29,17289,0.1011709347,170889,757,8350,0,1,0.10,
51740,Advertising Sales Agents,413011,55,95,3,51,133110,41,13255,0.07849977165,168854,553,7875,0,0,0.08,
151932.75,Dentists,291020,98.69383296,94.28852379,94.39875364,95.79370346,123560,29,39345,0.2344937325,167787,1878,8863,1,1,0.23,
122120.0017,Aircraft Pilots and Flight Engineers,532010,82.37280556,96.80481948,27.05920835,68.74561113,120760,53,12136,0.07301255316,166218,585,8564,0,0,0.07,1
79380,"Architects, Except Landscape and Naval",171011,53,84,2,46.33333206,104360,17,32158,0.1952424943,164708,1533,8508,1,0,0.20,
56030.8699,Radio and Telecommunications Equipment Installers and Repairers,492020,62.05713231,88.60007382,21.02875072,57.22865228,243820,49,21559,0.1310649216,164491,836,7579,0,0,0.13,
106920.3981,Nurse Practitioners and Nurse Midwives,291171,85.40344271,85.33620226,87.06724045,85.93562847,185900,29,16766,0.1026630178,163311,818,8624,0,1,0.10,
140760,Architectural and Engineering Managers,119041,43,77,3,41,188290,11,33786,0.2098405063,161008,1683,8470,1,0,0.21,
45050,Payroll and Timekeeping Clerks,433051,37,82,7,42,144030,43,15708,0.09764041752,160876,717,8164,0,0,0.10,
48220,"First-Line Supervisors of Landscaping, Lawn Service, and Groundskeeping Workers",371012,72,74,13,53,101390,37,31995,0.1990481466,160740,1190,7129,1,0,0.20,
26527.53879,Lifeguards and Other Protective Service Workers,339099,64.42336455,92.99098406,25.11720716,60.84385192,286160,33,6768,0.04265134037,158682,328,8131,0,0,0.04,1
41883.99721,Computer Numerically Controlled Tool Operators and Programmers,514010,51.82957189,71.86173802,1,41.56376997,171920,51,27258,0.172257334,158240,1157,7893,0,0,0.17,
36020,Bill and Account Collectors,433011,45,98,8,50.33333206,251330,43,13744,0.08698569238,158003,581,6866,0,0,0.09,
71680,Producers and Directors,272012,40,89,0,43,118630,27,17684,0.112543039,157131,808,7618,0,0,0.11,
,Musicians and Singers,272042,82,85,7,58,41680,27,18349,0.1174899936,156175,825,7793,0,0,0.12,
77510,Speech-Language Pathologists,291127,79,96,52,75.66666412,146900,29,7739,0.04990520701,155074,397,8177,0,1,0.05,
40984.54502,"Carpet, Floor, and Tile Installers and Finishers",472040,63.34177215,81.14162885,11.3663721,51.94992437,83740,47,66456,0.4307716191,154272,2182,5948,1,0,0.43,
23700,"Hotel, Motel, and Resort Desk Clerks",434081,64,99,3,55.33333206,260780,43,21947,0.1461837143,150133,911,6432,0,0,0.15,
45459.59574,"Drywall Installers, Ceiling Tile Installers, and Tapers",472080,60.08567626,65.78090168,6.45716187,44.10791327,120220,47,78400,0.5272041559,148709,2347,5418,1,0,0.53,
49378.95724,"Brickmasons, Blockmasons, and Stonemasons",472020,82.5156086,74.93756558,4.322927597,53.92536726,76240,47,57804,0.3891241252,148549,1854,6046,1,0,0.39,
37170.81102,Painting Workers,519120,63.49536652,63.64095354,9.133763661,45.42336124,156470,51,33618,0.2282389551,147293,1269,6541,1,0,0.23,
45454.30172,Miscellaneous Health Technologists and Technicians,292099,93.12626765,93.50069596,80.2782528,88.96840547,150870,29,22650,0.1539517641,147124,1012,6548,0,1,0.15,
58280,Telecommunications Line Installers and Repairers,499052,64,95,34,64.33333588,118200,49,18883,0.1295121461,145801,686,6516,0,0,0.13,
74600,Logisticians,131081,49,83,0,44,169820,13,18212,0.1255887449,145013,778,6696,0,0,0.13,
83390,Operations Research Analysts,152031,41,67,3,37,104200,15,20431,0.1434217393,142454,920,7235,0,0,0.14,
83970.31559,Other Life Scientists,191040,42.72287643,81.66745172,32.44575287,25.05620977,127380,19,59429,0.4177991152,142243,2890,7082,1,0,0.42,
42730,Automotive Body and Related Repairers,493021,46,64,0,36.66666794,142060,49,31969,0.2264141589,141197,1176,6560,1,0,0.23,
60870,Training and Development Specialists,131151,59,89,2,50,291380,13,9693,0.06898981333,140499,482,6972,0,0,0.07,
26430,"Door-to-Door Sales Workers, News and Street Vendors, and Related Workers",419091,67,87,7,53.66666794,9430,41,27183,0.1945464313,139725,1033,6569,1,0,0.19,
64040,Cost Estimators,131051,44,81,2,42.33333206,211600,13,12566,0.09126231819,137691,577,7158,0,0,0.09,
60000,Public Relations Specialists,273031,46,90,4,46.66666794,239030,27,10231,0.07547044754,135563,466,6693,0,0,0.08,
49370,"Meeting, Convention, and Event Planners",131121,72,98,0,56.66666794,110120,13,12307,0.0908299163,135495,538,6405,0,0,0.09,
33460,Order Clerks,434151,56,96,3,51.66666794,159210,43,19400,0.1437782496,134930,831,6391,0,0,0.14,
100578.0084,Other Psychologists,193039,69.30434783,82,47.3197756,66.20804114,14260,19,11537,0.08614072949,133932,577,7203,0,0,0.09,
37220,Reservation and Transportation Ticket Agents and Travel Clerks,434181,81,100,12,64.33333588,132050,43,22819,0.1719968915,132671,975,5947,0,0,0.17,
53390,Lodging Managers,119081,49,97,4,50,37050,11,25211,0.191199556,131857,1121,6412,1,0,0.19,
34060,"Interviewers, Except Eligibility and Loan",434111,73,98,23,64.66666412,192820,43,12791,0.0970389843,131813,579,6168,0,0,0.10,
115220,Aerospace Engineers,172011,50,81,0,43.66666794,63960,17,22245,0.1752678901,126920,1089,6495,1,0,0.18,
69430,Web Developers,151134,44,72,1,39,127300,15,18407,0.1450798064,126875,835,6041,0,0,0.15,
81920,Detectives and Criminal Investigators,333021,49,85,2,45.33333206,103450,33,8088,0.06387212873,126628,342,6136,0,0,0.06,1
34400,"Coil Winders, Tapers, and Finishers",512021,58,66,2,42,12190,51,41397,0.3283417523,126079,1800,5925,1,0,0.33,
48460,Sheet Metal Workers,472211,67,82,10,53,131570,47,17611,0.1410290301,124875,635,5691,0,0,0.14,
39890,Loan Interviewers and Clerks,434131,45,99,17,53.66666794,222620,43,12539,0.1013096943,123769,510,5609,0,0,0.10,
90070,Database Administrators,151141,52,86,4,47.33333206,110090,15,29978,0.2446185201,122550,1381,6143,1,0,0.24,
110000,"Software Developers, Systems Software",151133,45,75,0,40,405330,15,42906,0.3513458073,122119,1909,5876,1,0,0.35,
49930,Interpreters and Translators,273091,66,97,56,73,57140,27,46454,0.3833818734,121169,2119,5692,1,0,0.38,
63768.44928,"Other Education, Training, and Library Workers",259020,47.76675198,75.60644486,1.606444858,41.65988056,171920,25,10194,0.08479101956,120225,472,6379,0,0,0.08,
46270,"Child, Family, and School Social Workers",211021,56,99,37,64,320170,21,11220,0.09634871036,116452,498,5632,0,0,0.10,1
34420,Veterinary Technologists and Technicians,292056,92,98,67,85.66666412,106680,29,10345,0.09051931649,114285,471,5291,0,0,0.09,
70910,Electrical Power-Line Installers and Repairers,499051,73,82,10,55,114800,49,6922,0.06065651402,114118,246,5810,0,0,0.06,
55280,Postal Service Clerks,435051,82,90,17,63,78830,43,18617,0.1639311016,113566,950,5895,0,0,0.16,
38400,First-Line Supervisors of Personal Service Workers,391021,82,99,11,64,228620,39,22471,0.198253125,113345,906,5054,1,0,0.20,
84270,Occupational Therapists,291122,86,87,35,69.33333588,126900,29,9837,0.08765660971,112222,489,5763,0,1,0.09,
27960,Barbers,395011,95,95,59,83,20130,39,24021,0.2145057768,111983,877,4568,1,0,0.21,
34480,Phlebotomists,319097,76,96,88,86.66666412,125280,31,15417,0.1381043196,111633,652,4749,0,1,0.14,
30430,Parts Salespersons,412022,67,99,0,55.33333206,254870,41,8446,0.07606336474,111039,332,5338,0,0,0.08,
64330,Electrical and Electronics Engineering Technicians,173023,54,75,2,43.66666794,126950,17,15478,0.1399811953,110572,756,5552,0,0,0.14,
60280,Respiratory Therapists,291126,93,96,98,95.66666412,129600,29,14766,0.1336737126,110463,690,5464,0,1,0.13,
108610,Physician Assistants,291071,88,82,93,87.66666412,114710,29,12611,0.1154377759,109245,573,5349,0,1,0.12,
89030,First-Line Supervisors of Police and Detectives,331012,77,97,57,77,116660,33,4730,0.04345589131,108846,211,5663,0,0,0.04,1
69380,Insurance Underwriters,132053,52,88,1,47,96040,13,8767,0.08072223514,108607,422,5256,0,0,0.08,
57194.6392,Other Drafters,173010,49.07857407,71.07141976,0.3071419761,40.1523786,81070,17,13312,0.1231725812,108076,664,5577,0,0,0.12,
35760,Medical Secretaries,436013,71,100,53,74.66666412,585410,43,9411,0.0884110257,106446,445,5675,0,0,0.09,
56000,Flight Attendants,532031,96,97,77,90,118770,53,15262,0.1436531693,106242,705,5081,0,0,0.14,1
39390,Tax Preparers,132082,55,80,4,46.33333206,68090,13,17997,0.1699818671,105876,855,5462,0,0,0.17,
109020,Computer Network Architects,151143,39,68,0,35.66666794,152670,15,23077,0.2196094543,105082,1080,5114,1,0,0.22,
24200,Automotive and Watercraft Service Attendants,536031,60,88,4,50.66666794,113760,53,15361,0.1463579684,104955,584,4644,0,0,0.15,1
20583.50791,Gambling Services Workers,393010,87.67737269,91,25.38686343,68.02141204,103680,39,30909,0.2949416637,104797,1431,4829,1,0,0.29,
26500,"Library Assistants, Clerical",434121,73,89,34,65.33333588,88970,43,9999,0.09697128087,103113,525,5967,0,0,0.10,
56200,Healthcare Social Workers,211022,76,92,88,85.33333588,168190,21,9461,0.0924955532,102286,462,5034,0,0,0.09,
60370,Dietitians and Nutritionists,291031,69,87,79,78.33333588,64670,29,13333,0.1317464113,101202,601,4978,0,1,0.13,
39690,Highway Maintenance Workers,474051,68,81,26,58.33333206,149260,47,7625,0.0758638531,100509,297,5639,0,0,0.08,
47300,Surgical Technologists,292055,99,92,82,91,110160,29,11981,0.1233806387,97106,493,4376,0,1,0.12,
56950,Fundraisers,131131,39,89,7,45,75700,13,4256,0.04395332187,96830,234,5134,0,0,0.04,
37260,Refuse and Recyclable Material Collectors,537081,31,56,63,50,118520,53,20372,0.2112620622,96430,737,4401,1,0,0.21,1
47419.77528,Physical Therapist Assistants and Aides,312020,94.33396933,99.33206134,79.33969331,91.00190799,141510,31,8747,0.09513709694,91941,401,4694,0,1,0.10,
43758.3306,Other media and communication equipment workers,274010,58.68014766,75.37350287,4.817719442,46.29045666,121900,27,9001,0.09790293127,91938,401,4468,0,0,0.10,
59700,Construction and Building Inspectors,474011,64,77,11,50.66666794,104090,47,8938,0.09733520448,91827,425,4702,0,0,0.10,
47049.2716,Other community and social service specialists,211099,69.86163084,91.53459229,51.46540771,70.95387695,114910,21,10541,0.1151908562,91509,487,4466,0,0,0.12,
53370,Interior Designers,271025,53,87,7,49,57070,27,11647,0.127716735,91194,532,4462,0,0,0.13,
27116.60195,"Baggage Porters, Bellhops, and Concierges",396010,71.89566633,90.16520541,8.591307615,56.88405979,79840,39,24917,0.2737650573,91016,992,3766,1,0,0.27,
27290,Counter and Rental Clerks,412021,68,98,10,58.66666794,426700,41,16723,0.1856667101,90070,640,3961,1,0,0.19,
60440,Stationary Engineers and Boiler Operators,518021,60,89,26,58.33333206,31710,51,13229,0.147539705,89664,582,4397,0,0,0.15,
46360,Legal Secretaries,436012,41,90,0,43.66666794,176880,43,7413,0.0826799348,89659,364,4793,0,0,0.08,
54980,Appraisers and Assessors of Real Estate,132021,34,78,0,37.33333206,57900,13,4647,0.05189917237,89539,238,4839,0,0,0.05,
50090,Private Detectives and Investigators,339021,51,83,8,47.33333206,30990,33,7536,0.0850314796,88626,346,4179,0,0,0.09,1
53020,Probation Officers and Correctional Treatment Specialists,211092,57,97,52,68.66666412,87660,21,5253,0.05934453383,88517,239,4162,0,0,0.06,1
46780,Water and Wastewater Treatment Plant and System Operators,518031,50,78,27,51.66666794,123650,51,5182,0.05860863999,88417,229,4897,0,0,0.06,
23870,Parking Lot Attendants,536021,73,90,15,59.33333206,145900,53,27161,0.3081190288,88151,1010,3555,1,0,0.31,1
38190,Tree Trimmers and Pruners,373013,59,81,1,47,42440,37,30795,0.3498358428,88027,1016,3693,1,0,0.35,
47130,"Title Examiners, Abstractors, and Searchers",232093,50,66,1,39,52180,23,7993,0.09107275307,87765,400,4353,0,0,0.09,
78808.88937,Chemists and Materials Scientists,192030,56.07866508,80.1624228,21.24108788,52.49405858,92290,19,23380,0.2680577934,87220,1078,4191,1,0,0.27,
29720,Food Batchmakers,513092,56,76,4,45.33333206,160160,51,20843,0.2389923334,87212,803,3867,1,0,0.24,
40660,"Police, Fire, and Ambulance Dispatchers",435031,60,99,11,56.66666794,95020,43,5989,0.06920339167,86542,250,4121,0,0,0.07,
27860,Residential Advisors,399041,62,89,24,58.33333206,108380,39,8504,0.0983633101,86455,502,5713,0,0,0.10,1
35858.76186,"Crushing, Grinding, Polishing, Mixing, and Blending Workers",519020,42.49740525,82.0035645,3.339780888,42.61358355,190770,51,15496,0.1797846705,86192,591,4070,1,0,0.18,
32310,"Weighers, Measurers, Checkers, and Samplers, Recordkeeping",435111,58,86,1,48.33333206,65830,43,15573,0.1859995723,83726,638,4035,1,0,0.19,
37080.21398,"Medical, Dental, and Ophthalmic Laboratory Technicians",519080,60.05044741,66.86836986,51.8423032,59.58704016,77110,51,18107,0.2167776078,83528,806,3822,1,0,0.22,
98350,Information Security Analysts,151122,52,83,1,45.33333206,108060,15,10383,0.1247641817,83221,449,3949,0,0,0.12,
29130.17219,"Miscellaneous Vehicle and Mobile Equipment Mechanics, Installers, and Repairers",493090,63.66035299,85.95121251,16.27407089,55.29521213,139380,49,13109,0.1577307135,83110,495,3569,0,0,0.16,
34460,"Cutting, Punching, and Press Machine Setters, Operators, and Tenders, Metal and Plastic",514031,50,60,1,37,186640,51,13253,0.1595728099,83053,526,4097,0,0,0.16,
93830,Veterinarians,291131,91,93,89,91,71060,29,5981,0.07262461632,82355,324,4678,0,0,0.07,
57150,Court Reporters,232091,61,75,13,49.66666794,14490,23,8031,0.098177284,81801,349,3973,0,0,0.10,
63124.15906,Other Healthcare Practitioners and Technical Occupations,299000,73.73514411,86.04696952,38.28116475,66.02109279,168620,29,9155,0.1126713753,81254,383,3963,0,1,0.11,
35610,Pest Control Workers,372021,47,85,26,52.66666794,77300,37,7147,0.08812468499,81101,306,3732,0,0,0.09,
38025.11159,Other extraction workers,475099,83.84669034,84.25703779,6.049708344,58.05114549,78860,47,10941,0.1350857466,80993,406,3942,0,0,0.14,
88637.16706,"other mathematical science occupations, including mathematicians and statisticians",152099,33.42494118,68.39294118,1.939294118,34.58572549,42500,15,21752,0.2743866146,79275,1021,3982,1,0,0.27,
30430,"Mail Clerks and Mail Machine Operators, Except Postal Service",439051,73,91,1,55,86150,43,11485,0.1469534487,78154,494,3698,0,0,0.15,
78305.49961,Biological Scientists,191020,46.30471867,75.67267391,19.15770166,47.04503141,218070,19,14390,0.1848592609,77843,686,4146,1,0,0.18,
44766.89751,"News Analysts, Reporters and Journalists",273020,56.36881246,91.72623751,9.136881246,52.41064374,43030,27,9514,0.123783499,76860,447,3827,0,0,0.12,
72510,Diagnostic Medical Sonographers,292032,95,96,87,92.66666412,71130,29,10243,0.1344631612,76177,455,3859,0,1,0.13,
46020,"Eligibility Interviewers, Government Programs",434061,56,94,30,60,137830,43,9610,0.1274637282,75394,514,3813,0,0,0.13,
40810,"Directors, Religious Activities and Education",212021,48,95,13,52,21700,21,5806,0.07847642899,73984,323,4096,0,0,0.08,
30525.56604,"Tailors, Dressmakers, and Sewers",516050,57.7509434,75.74150943,9.779245283,47.7572327,26500,51,36536,0.4968180656,73540,1612,3581,1,0,0.50,
74700,Gaming Managers,119071,76,90,17,61,4300,11,8768,0.1196588203,73275,385,3647,0,0,0.12,
38700,Travel Agents,413041,55,86,0,47,69480,41,13762,0.1881571263,73141,650,3592,1,0,0.19,
38450,"Court, Municipal, and License Clerks",434031,44,95,6,48.33333206,142350,43,4872,0.0669580251,72762,258,3837,0,0,0.07,
76990,"Clinical, Counseling, and School Psychologists",193031,47,85,17,49.66666794,110490,19,5565,0.07648959011,72755,311,3884,0,0,0.08,
48160,Chemical Technicians,194031,58,77,8,47.66666794,65500,19,9841,0.1405877173,69999,441,3413,0,0,0.14,
25250,Telemarketers,419041,77,100,5,60.66666794,164160,41,5569,0.07993397117,69670,227,2904,0,0,0.08,
33845.23943,Cutting Workers,519030,53.59283114,67.66676001,5.259311117,42.17296742,71420,51,17845,0.257373631,69335,656,3333,1,0,0.26,
27200,Floral Designers,271023,73,88,25,62,43360,27,11671,0.1720092595,67851,477,3295,0,0,0.17,
28655.63779,Orderlies and Psychiatric Aides,311015,92.74544435,90.55452761,93.80908326,92.36968508,107010,31,14686,0.2212579995,66375,575,2741,1,1,0.22,
44380,Surveying and Mapping Technicians,173031,50,75,2,42.33333206,52300,17,3652,0.05569280684,65574,157,3252,0,0,0.06,
58770,"Postal Service Mail Sorters, Processors, and Processing Machine Operators",435053,63,70,5,46,103830,43,10431,0.1597665697,65289,482,3106,0,0,0.16,
59190.89358,"Television, Video, and Motion Picture Camera Operators and Editors",274030,57.13403737,86.13728676,2.85621446,48.70917953,49240,27,7097,0.1112382412,63800,314,2982,0,0,0.11,
46511.35746,Precision Instrument and Equipment Repairers,499060,51.19895202,73.05370886,26.04093663,50.09786584,61070,49,9083,0.1431182474,63465,417,3172,0,0,0.14,
104910,Chemical Engineers,172041,45,74,11,43.33333206,32060,17,12157,0.1916208267,63443,537,3064,1,0,0.19,
37010,"Opticians, Dispensing",292081,83,95,40,72.66666412,72250,29,6380,0.1010372937,63145,291,3054,0,1,0.10,
111340,Training and Development Managers,113131,46,91,7,48,35690,11,5379,0.08601170778,62538,242,3022,0,0,0.09,
54140,Crane and Tower Operators,537021,48,89,2,46.33333206,44410,53,5069,0.08223689348,61639,189,2958,0,0,0.08,
31290,Skincare Specialists,395094,99,81,36,72,50740,39,26630,0.4343500137,61310,1065,2563,1,0,0.43,
46960,"First-Line Supervisors of Farming, Fishing, and Forestry Workers",451011,32,71,3,35.33333206,21800,45,18976,0.309953928,61222,827,3320,1,0,0.31,
114800,Public Relations and Fundraising Managers,112031,38,97,13,49.33333206,72460,11,4890,0.08043027669,60798,234,3121,0,0,0.08,
71410,Chiropractors,291011,96,100,53,83,34740,29,5526,0.09200492501,60062,251,2981,0,1,0.09,
71850,Technical Writers,273042,42,78,0,40,50350,27,5237,0.08785438538,59610,261,3127,0,0,0.09,
28756.84366,"Models, Demonstrators, and Product Promoters",419010,66.88256859,95.33455535,0.03914380322,54.08542258,84560,41,8130,0.1369701475,59356,370,2814,0,0,0.14,
40779.17309,Logging Workers,454020,16.38470658,72.77178423,0.2374036752,29.79796483,33740,45,4147,0.07005067915,59200,162,3382,0,0,0.07,
28960,Crossing Guards,339091,78,78,18,58,79880,33,6624,0.1124159917,58924,304,2949,0,0,0.11,1
45783.4248,"Chemical Processing Machine Setters, Operators, and Tenders",519010,49.87440633,69.99525066,11.24802111,43.7058927,132650,51,7016,0.1194050163,58758,274,2845,0,0,0.12,
47190,Security and Fire Alarm Systems Installers,492098,63,89,20,57.33333206,70900,49,9017,0.1538842171,58596,348,2561,0,0,0.15,
42992.78274,"Cement Masons, Concrete Finishers, and Terrazzo Workers",472050,85.7257442,73.85565484,5.028869032,54.87008936,189130,47,20278,0.3466087878,58504,673,2451,1,0,0.35,
53970,Structural Iron and Steel Workers,472221,87,85,10,60.66666794,77410,47,9058,0.1549488455,58458,324,2598,0,0,0.15,
96180,Administrative Services Managers,113011,45,88,23,52,283570,11,5879,0.101912044,57687,278,2977,0,0,0.10,
52750,Tool and Die Makers,514111,57,61,0,39.33333206,72700,51,4453,0.07821337134,56934,213,3124,0,0,0.08,
63340,First-Line Supervisors of Correctional Officers,331011,71,89,85,81.66666412,43760,33,2784,0.04918293282,56605,122,3089,0,0,0.05,1
24430,"Graders and Sorters, Agricultural Products",452041,84,65,7,52,38210,45,34562,0.6194017529,55799,1313,2410,1,0,0.62,1
40390,"Human Resources Assistants, Except Payroll and Timekeeping",434161,53,98,14,55,124600,43,6195,0.1116276532,55497,282,2673,0,0,0.11,
63000,"Compensation, Benefits, and Job Analysis Specialists",131141,32,88,3,41,83550,13,4589,0.08426058292,54462,233,2610,0,0,0.08,
54440,"Tax Examiners and Collectors, and Revenue Agents",132081,57,95,5,52.33333206,54550,13,5827,0.1073883623,54261,300,2768,0,0,0.11,
38560,Pipelayers,472151,87,92,36,71.66666412,38070,47,9440,0.175709635,53725,348,2346,1,0,0.18,
54920,Architectural and Civil Drafters,173011,47,69,1,39,97610,17,6990,0.130116716,53721,353,2723,0,0,0.13,
27540,Veterinary Assistants and Laboratory Animal Caretakers,319096,88,99,87,91.33333588,89480,31,3814,0.07107582688,53661,154,2519,0,0,0.07,
34740,Cabinetmakers and Bench Carpenters,517011,55,76,0,43.66666794,102100,51,10106,0.1884920299,53615,385,2620,1,0,0.19,
38970,Septic Tank Servicers and Sewer Pipe Cleaners,474071,77,90,65,77.33333588,27090,47,11427,0.2179518938,52429,391,2284,1,0,0.22,
114600,Computer Hardware Engineers,172061,44,61,0,35,60750,17,18958,0.3639749587,52086,829,2493,1,0,0.36,
62930,Railroad Conductors and Yardmasters,534031,63,88,15,55.33333206,42360,53,2353,0.04584242404,51328,87,2399,0,0,0.05,1
49031.47087,"Archivists, Curators, and Museum Technicians",254010,48.53858268,75.41795276,2.33511811,42.09721785,31750,25,4117,0.08101300895,50819,233,2824,0,0,0.08,
117130,Advertising and Promotions Managers,112011,46,92,1,46.33333206,25260,11,4631,0.09300877899,49791,226,2451,0,0,0.09,
34850,"Grinding/Lapping/Polishing/Buffing Machine Tool Setters, Operators, and Tenders, Metal and Plastic",514033,55,62,5,40.66666794,71870,51,9315,0.1873001903,49733,352,2359,1,0,0.19,
22260,"Ushers, Lobby Attendants, and Ticket Takers",393031,82,97,16,65,133970,39,3945,0.08106275648,48666,180,2251,0,0,0.08,
76220,Budget Analysts,132031,43,88,6,45.66666794,52810,13,6213,0.1287561655,48254,306,2443,0,0,0.13,
52677.81966,Underground Mining Machine Operators,475040,13.28374936,23.55985736,0.2506367804,12.36474783,19630,47,5025,0.1050156727,47850,195,2424,0,0,0.11,
82921.13856,"Power Plant Operators, Distributors, and Dispatchers",518010,57.02971826,88.48475492,4.515245079,50.00990609,51820,51,1680,0.03523416072,47681,87,2628,0,0,0.04,
27730,Helpers--Production Workers,519198,54,71,1,42,350410,51,16254,0.3425644934,47448,641,2116,1,0,0.34,
34040,Library Technicians,254031,62,76,16,51.33333206,88690,25,4861,0.102474913,47436,264,2727,0,0,0.10,
76330,First-Line Supervisors of Fire Fighting and Prevention Workers,331021,73,84,23,60,65920,33,1305,0.02752351575,47414,59,2545,0,0,0.03,1
34770,Medical Transcriptionists,319094,42,66,21,43,53730,31,2835,0.06071053818,46697,127,2416,0,0,0.06,
73780,Transportation Inspectors,536051,54,73,2,43,29990,53,6197,0.1334266365,46445,275,2212,0,0,0.13,1
32870,Psychiatric Technicians,292053,85,91,93,89.66666412,71360,29,6140,0.1331021041,46130,250,2017,0,1,0.13,
66040,"Agents and Business Managers of Artists, Performers, and Athletes",131011,43,99,0,47.33333206,14830,13,5454,0.1189193875,45863,236,2042,0,0,0.12,
,Surgeons,291067,97,94,86,92.33333588,34390,29,11625,0.2538708448,45791,583,2438,1,1,0.25,
37243.96789,Small Engine Mechanics,493050,54.36236077,83.28685086,7.179516852,48.27624283,69130,49,3037,0.06649151444,45675,130,2325,0,0,0.07,
49630,Music Directors and Composers,272041,32,50,0,27.33333397,12160,27,5135,0.1126343533,45590,241,2354,0,0,0.11,
66457.94703,Miscellaneous Plant and System Operators,518090,62.55760026,83.86278056,6.523454952,50.98127859,94010,51,3547,0.07838327438,45252,143,2305,0,0,0.08,
29290,Animal Trainers,392011,62,81,18,53.66666794,14830,39,3935,0.08733188361,45058,171,2110,0,0,0.09,
60812.382,Locomotive Engineers and Operators,534010,50.0703163,90.27907543,11.57469586,50.64136253,41100,53,1772,0.03946460038,44901,83,2212,0,0,0.04,1
67961.13368,Ship and Boat Captains and Operators,535020,69.64524422,82.70976864,9.870951157,54.07532134,38900,53,2618,0.05871271715,44590,123,2309,0,0,0.06,1
42516.99911,Insulation Workers,472130,58.43596103,77.15518158,11.5911426,49.06076174,56450,47,14186,0.3251059949,43635,483,1740,1,0,0.33,
31326.78149,"Helpers, Construction Trades",473010,67.96063106,79.31041637,19.60650359,55.62585034,207270,47,11979,0.2747414112,43601,422,1750,1,0,0.27,
89049.25738,"Geoscientists and Hydrologists, Except Geographers",192040,39.8230661,68.06160338,6.823066104,38.23591186,35550,19,5093,0.1172826737,43425,248,2301,0,0,0.12,
38750,"Credit Authorizers, Checkers, and Clerks",434041,55,95,0,50,29980,43,4346,0.1003162265,43323,195,1995,0,0,0.10,
33826.46717,"Model Makers, Patternmakers, and Molding Machine Setters, Metal and Plastic",514070,63.90010571,70.73737719,7.596349956,47.41127762,321640,51,6771,0.1569286436,43147,288,2144,0,0,0.16,
32053.2388,Announcers,273010,57.60635281,88.939308,8.302892796,51.61618453,35260,27,5077,0.1178888232,43066,186,1917,0,0,0.12,
77612.29104,Other Social Scientists,193099,42.55587523,78.59191399,2.296335554,41.14804159,66040,19,5430,0.1264555156,42940,245,2184,0,0,0.13,
47040.32194,"Environmental science and geoscience technicians, and nuclear technicians",194040,57.41158501,75.98484314,16.0494654,49.81529785,85110,19,5768,0.1357975304,42475,261,2077,0,0,0.14,
55060,Millwrights,499044,77,83,30,63.33333206,43810,49,2022,0.04761792719,42463,79,2326,0,0,0.05,
,Actors,272011,95,93,5,64.33333588,47430,27,5557,0.1314395219,42278,236,1925,0,0,0.13,
27020,"Umpires, Referees, and Other Sports Officials",272023,71,79,11,53.66666794,19090,27,4616,0.110793747,41663,200,1952,0,0,0.11,
43550,Glaziers,472121,69,85,18,57.33333206,50940,47,6523,0.157980144,41290,246,1760,0,0,0.16,
26450,Pharmacy Aides,319095,82,96,78,85.33333588,36970,31,7055,0.1738455445,40582,284,1817,1,1,0.17,
102267.7774,Air Traffic Controllers and Airfield Operations Specialists,532020,77.07387944,92.0763524,12.23400309,60.46141164,32350,53,2287,0.05743633583,39818,95,1825,0,0,0.06,1
39270,Home Appliance Repairers,499031,67,96,12,58.33333206,31130,49,6599,0.1662300378,39698,289,1907,0,0,0.17,
23350,"Pressers, Textile, Garment, and Related Materials",516021,35,61,4,33.33333206,38320,51,18578,0.4699840546,39529,700,1695,1,0,0.47,
111790,Optometrists,291041,90,91,75,85.33333588,37220,29,5695,0.14423199,39485,265,2075,0,1,0.14,
123678.8226,"Petroleum, mining and geological engineers, including mining safety engineers",172150,36.62833978,82.08199742,1.639027087,40.11645476,54270,17,8878,0.2255302966,39365,332,1773,1,0,0.23,
92390,Materials Engineers,172131,45,71,2,39.33333206,26930,17,7751,0.1986366361,39021,379,1995,1,0,0.20,
40860,Agricultural and Food Science Technicians,194011,56,76,12,48,21290,19,6250,0.1612570286,38758,259,2052,0,0,0.16,
52650,"Morticians, Undertakers, and Funeral Directors",394031,72,94,79,81.66666412,25740,39,1271,0.03294282407,38582,54,2043,0,0,0.03,1
48964.64381,"Derrick, rotary drill, and service unit operators, and roustabouts, oil, gas, and mining",475010,80.37276983,92.2635708,8.514235101,60.38352524,79030,47,4721,0.1227381453,38464,149,1808,0,0,0.12,
41490,Transportation Security Screeners,339093,86,89,55,76.66666412,45250,33,5959,0.1570348144,37947,249,1660,0,0,0.16,1
39440,Jewelers and Precious Stone and Metal Workers,519071,42,61,0,34.33333206,25910,51,12943,0.3416031003,37889,569,1827,1,0,0.34,
37240,Telephone Operators,432021,68,98,12,59.33333206,5160,43,3286,0.08675907552,37875,140,1679,0,0,0.09,
38160,Electronic Home Entertainment Equipment Installers and Repairers,492097,40,80,6,42,26070,49,6596,0.1747840345,37738,263,1718,1,0,0.17,
44430,"Earth Drillers, Except Oil and Gas",475021,42,75,8,41.66666794,18270,47,3587,0.09513074905,37706,128,1944,0,0,0.10,
32790,"Office Machine Operators, Except Computer",439071,56,77,4,45.66666794,48580,43,5375,0.1449451298,37083,227,1722,0,0,0.14,
101420,Sales Engineers,419031,36,91,0,42.33333206,65720,41,5083,0.1375493854,36954,242,1867,0,0,0.14,
42670,Procurement Clerks,433061,51,97,10,52.66666794,68100,43,4239,0.1157912016,36609,212,1927,0,0,0.12,
62942.71292,"Surveyors, Cartographers, and Photogrammetrists",171020,42.74485451,76.78424414,4.019694819,41.18293116,56360,17,2750,0.07533008605,36506,129,1853,0,0,0.08,
50650,Athletes and Sports Competitors,272021,59,83,6,49.33333206,10800,27,4783,0.1353653669,35334,193,1625,0,0,0.14,
56850,Cardiovascular Technologists and Technicians,292031,97,99,74,90,56560,29,5372,0.1544299424,34786,236,1726,0,1,0.15,
50090,Marriage and Family Therapists,211013,58,96,30,61.33333206,48520,21,3211,0.09232317656,34780,157,1769,0,0,0.09,
34560,"Coin, Vending, and Amusement Machine Servicers and Repairers",499091,58,78,7,47.66666794,32920,49,4116,0.1203297675,34206,162,1651,0,0,0.12,
44840,Mental Health and Substance Abuse Social Workers,211023,50,94,39,61,116750,21,3629,0.107957758,33615,169,1723,0,0,0.11,
71670,Magnetic Resonance Imaging Technologists,292035,76,85,84,81.66666412,38540,29,4116,0.1227557436,33530,176,1683,0,1,0.12,
40900,Sailors and Marine Oilers,535011,69,85,19,57.66666794,32220,53,3032,0.09084372222,33376,135,1615,0,0,0.09,1
29500,"Sawing Machine Setters, Operators, and Tenders, Wood",517041,57,74,6,45.66666794,52260,51,4700,0.1418140084,33142,179,1762,0,0,0.14,
34480,Upholsterers,516093,62,66,2,43.33333206,32870,51,11162,0.3392808437,32899,469,1628,1,0,0.34,
42030,Hazardous Materials Removal Workers,474041,67,74,18,53,44000,47,7720,0.2367154211,32613,262,1340,1,0,0.24,
35630,Rehabilitation Counselors,211015,60,83,26,56.33333206,106860,21,2937,0.09147538245,32107,139,1565,0,0,0.09,1
33340,"Molders, Shapers, and Casters, Except Metal and Plastic",519195,45,49,1,31.66666603,42500,51,9092,0.2885707915,31507,328,1481,1,0,0.29,
26760,"Transportation Attendants, Except Flight Attendants",536061,93,79,27,66.33333588,25460,53,5836,0.188294515,30994,239,1266,1,0,0.19,1
45760,Bailiffs,333011,80,93,40,71,18900,33,1622,0.05288382992,30671,75,1506,0,0,0.05,1
35120,"Extruding, Forming, Pressing, and Compacting Machine Setters, Operators, and Tenders",519041,66,76,17,53,72870,51,4135,0.1350777447,30612,149,1428,0,0,0.14,
102880,Actuaries,152011,35,66,0,33.66666794,20760,15,6038,0.1975720674,30561,289,1491,1,0,0.20,
56371.81102,Other Woodworkers,517099,53.08661417,74.74015748,8.74015748,45.52230971,1270,51,4291,0.1406331956,30512,179,1673,0,0,0.14,
34800,Fence Erectors,474031,74,84,9,55.66666794,23530,47,9613,0.316832006,30341,298,1227,1,0,0.32,
72720,Fashion Designers,271022,48,94,0,47.33333206,19750,27,4931,0.1627661288,30295,210,1457,0,0,0.16,
60857.54426,"Other Electrical and Electronic Equipment Mechanics, Installers, and Repairers",492099,67.51646678,86.15134209,5.388159147,53.01865601,105060,49,2835,0.09368494153,30261,107,1437,0,0,0.09,
87620,Environmental Engineers,172081,40,84,13,45.66666794,53070,17,4699,0.1555651128,30206,224,1555,0,0,0.16,
167950,Nurse Anesthetists,291151,87,93,96,92,43520,29,2621,0.08729682863,30024,124,1589,0,1,0.09,
43540,Plasterers and Stucco Masons,472161,61,78,6,48.33333206,24870,47,16947,0.5685386658,29808,581,1125,1,0,0.57,
47060,"Maintenance Workers, Machinery",499043,73,82,11,55.33333206,80270,49,3355,0.1129667684,29699,140,1484,0,0,0.11,
38900,"Forging Machine Setters, Operators, and Tenders, Metal and Plastic",514022,65,83,1,49.66666794,18330,51,2458,0.08329661936,29509,102,1503,0,0,0.08,
29180,Photographic Process Workers and Processing Machine Operators,519151,58,82,41,60.33333206,16680,51,5008,0.1709565073,29294,221,1322,0,0,0.17,
71130,"Environmental Scientists and Specialists, Including Health",192041,38,69,0,35.66666794,80480,19,3095,0.1062223315,29137,142,1549,0,0,0.11,
29560,Machine Feeders and Offbearers,537063,47,72,2,40.33333206,66380,53,5744,0.1992161721,28833,221,1351,1,0,0.20,
71520,Credit Analysts,132041,49,87,2,46,74820,13,3415,0.1184571087,28829,164,1373,0,0,0.12,
28846.63487,"Textile Machine Setters, Operators, and Tenders",516060,54.39692634,63.01868045,3.219528352,40.21171171,75480,51,7911,0.2751460671,28752,287,1325,1,0,0.28,
55318.05401,Occupational Therapy Assistants and Aides,312010,83.37609214,96.84710087,89.37609214,89.86642838,50360,31,2393,0.08479501307,28221,114,1462,0,1,0.08,
68230,Landscape Architects,171012,47,82,0,43,18660,17,4792,0.1707586497,28063,222,1455,0,0,0.17,
29575.67023,Other Personal Appearance Workers,395099,90.0688019,96.51008304,11.8623962,66.14709371,16860,39,14059,0.511087656,27508,556,1141,1,0,0.51,
39290,Structural Metal Fabricators and Fitters,512041,60,80,6,48.66666794,76090,51,2844,0.1036518663,27438,93,1315,0,0,0.10,
40410,Prepress Technicians and Workers,515111,56,78,0,44.66666794,29990,51,3869,0.1428835243,27078,164,1331,0,0,0.14,
41450,Locksmiths and Safe Repairers,499094,62,91,10,54.33333206,16970,49,3551,0.1313191056,27041,150,1308,0,0,0.13,
51384.81132,Pumping Station Operators,537070,37.8563135,83.76342525,5.748911466,42.45621674,27560,53,1702,0.06522572041,26094,74,1523,0,0,0.07,1
40360,"Meter Readers, Utilities",435041,37,69,27,44.33333206,33570,43,1332,0.05120516568,26013,68,1315,0,0,0.05,
29420,"Switchboard Operators, Including Answering Service",432011,63,98,30,63.66666794,71600,43,2366,0.09220217168,25661,101,1284,0,0,0.09,
104340,Economists,193011,29,59,0,29.33333397,18650,19,7878,0.3131409585,25158,379,1342,1,0,0.31,
42840,"Electric Motor, Power Tool, and Related Repairers",492092,60,73,26,53,15800,49,3444,0.1398635507,24624,148,1205,0,0,0.14,
64076.44639,Agricultural and Food Scientists,191010,46.15970198,76.65208941,17.57628766,46.79602635,30870,19,3938,0.1604269296,24547,171,1305,0,0,0.16,
79780,Elevator Installers and Repairers,474021,64,77,50,63.66666794,26830,47,2713,0.1141979173,23757,115,1148,0,0,0.11,
40146.46944,"Metal Furnace Operators, Tenders, Pourers, and Casters",514050,47.30642633,57.38597179,3.538009404,36.07680251,25520,51,2420,0.1022736877,23662,85,1103,0,0,0.10,
48330,Statistical Assistants,439111,45,72,7,41.33333206,11010,43,3455,0.146119684,23645,144,1194,0,0,0.15,
32886.1194,Dietetic Technicians and Ophthalmic Medical Technicians,292050,80.29850746,95.05970149,65.89552239,80.41791045,86430,29,2350,0.09943301976,23634,92,1057,0,1,0.10,
44500,Biological Technicians,194021,51,79,39,56.33333206,77450,19,3978,0.1695290804,23465,195,1239,0,0,0.17,
38730,"Paper Goods Machine Setters, Operators, and Tenders",519196,61,86,3,50,97960,51,3874,0.1658035517,23365,168,1140,0,0,0.17,
64140,Avionics Technicians,492091,66,77,3,48.66666794,18860,49,1873,0.08159086853,22956,81,1095,0,0,0.08,
68170,Subway and Streetcar Operators,534041,67,87,43,65.66666412,8850,53,2690,0.1172215417,22948,112,1072,0,0,0.12,1
73050,Urban and Regional Planners,193051,54,83,6,47.66666794,37840,19,1876,0.08315971494,22559,98,1218,0,0,0.08,
43210,Cargo and Freight Agents,435011,60,93,1,51.33333206,92280,43,4803,0.214381367,22404,217,1022,1,0,0.21,
29450,"Helpers--Installation, Maintenance, and Repair Workers",499098,68,84,15,55.66666794,105040,49,7141,0.3191223145,22377,266,945,1,0,0.32,
66590,Commercial and Industrial Designers,271021,49,85,0,44.66666794,33200,27,3811,0.1704230458,22362,162,1069,0,0,0.17,
118370,Computer and Information Research Scientists,151111,33,86,0,39.66666794,30070,15,6329,0.2915515006,21708,303,1101,1,0,0.29,
58369.05729,Other Transportation Workers,536099,55.62291667,80.434375,8.4390625,48.16545139,19200,53,3184,0.1491125375,21353,117,904,0,0,0.15,1
59181.33015,Fire Inspectors,332020,59.12824011,97.56412005,35.14529332,191.8376535,14660,33,,n/a,21320,46,1054,0,0,0.00,1
123860,Natural Sciences Managers,119121,40,74,4,39.33333206,60260,11,4334,0.2047526836,21167,206,1134,1,0,0.20,
43489.80183,"Conveyor, Dredge, and Hoist and Winch Operators",537040,42.58730599,81.06125277,4.969373614,42.87264412,72160,53,2259,0.1095113456,20628,72,960,0,0,0.11,
51481.15323,Control and Valve Installers and Repairers,499010,67.43763441,87.0858871,15.34354839,56.62235663,74400,49,1412,0.06875730306,20536,57,986,0,0,0.07,
32890,Print Binding and Finishing Workers,515113,55,64,0,39.66666794,45690,51,2707,0.1333563179,20299,127,988,0,0,0.13,
61337.47468,Conservation Scientists and Foresters,191030,42.45050637,80.25253185,5.175759556,42.62626593,30610,19,,n/a,19953,23,1232,0,0,0.00,
35621.80728,"Other Textile, Apparel, and Furnishings Workers",516099,53.65867238,86.44710921,2.552890792,47.55289079,23350,51,6440,0.325812012,19766,277,929,1,0,0.33,
76820,Nuclear Medicine Technologists,292033,86,96,93,91.66666412,18810,29,2955,0.1502746195,19664,130,1002,0,1,0.15,
47800,Dancers and Choreographers,272030,98.6873734,91.59419311,14.81363943,68.36506865,14810,27,2321,0.1193377525,19449,95,793,0,0,0.12,
49860,"Explosives Workers, Ordnance Handling Experts, and Blasters",475031,66,85,4,51.66666794,5640,47,,n/a,19170,38,950,0,0,0.00,
53540,Judicial Law Clerks,231012,33,65,3,33.66666794,16350,23,1592,0.08426401019,18893,68,946,0,0,0.08,
34170,Automotive Glass Installers and Repairers,493022,50,88,1,46.33333206,19640,49,2988,0.1609393507,18566,108,775,0,0,0.16,
29730,"Woodworking Machine Setters, Operators, and Tenders, Except Sawing",517042,51,66,1,39.33333206,78980,51,3020,0.1628383547,18546,116,950,0,0,0.16,
121010,Compensation and Benefits Managers,113111,32,91,1,41.33333206,15660,11,1372,0.07621798664,18001,59,905,0,0,0.08,
28243.42806,"Embalmers, Crematory Operators and Funeral Attendants",394010,77.45090079,84.44582593,56.99492515,72.96388396,39410,39,1049,0.05945364013,17644,58,927,0,0,0.06,1
75920,Audiologists,291181,67,92,68,75.66666412,13300,29,1101,0.06545000523,16822,57,900,0,1,0.07,
87644.79612,Biomedical and Agricultural Engineers,172020,48.68349515,76,29.86359223,51.51569579,20600,17,3630,0.2200400084,16497,159,759,1,0,0.22,
82330,Radiation Therapists,291124,98,99,95,97.33333588,18260,29,1342,0.08551038802,15694,69,812,0,1,0.09,
27460,Forest and Conservation Workers,454011,67,93,17,59,7510,45,2945,0.1888789088,15592,108,786,1,0,0.19,
37665.47338,"Other Machine Tool Setters, Operators, and Tenders, Metal and Plastic",514039,51.79767613,64.16494528,7.453215296,41.13861224,162660,51,2706,0.1755888611,15411,104,744,1,0,0.18,
28450,Merchandise Displayers and Window Trimmers,271026,67,89,2,52.66666794,128960,27,2080,0.1374661326,15131,102,724,0,0,0.14,
62150,Boilermakers,472011,69,79,15,54.33333206,13870,47,1364,0.09123135358,14951,52,663,0,0,0.09,
35800,New Accounts Clerks,434141,59,98,17,58,41500,43,1892,0.1269798726,14900,84,730,0,0,0.13,
47489.52516,"Fish and Game Wardens, and Parking Enforcement Officers",333030,53.69454288,81.13323884,18.98936924,51.27238365,14110,33,,n/a,14697,44,694,0,0,0.00,1
92560,Marine Engineers and Naval Architects,172121,56,71,3,43.33333206,11350,17,1502,0.1027781591,14614,75,770,0,0,0.10,
46630,Tire Builders,519197,57,66,3,42,23920,51,,n/a,14423,34,708,0,0,0.00,
42680,Solar Photovoltaic Installers,472231,68,74,2,48,8950,47,2377,0.1674769223,14193,84,612,0,0,0.17,
25750,"Ambulance Drivers and Attendants, Except Emergency Medical Technicians",533011,90,92,72,84.66666412,15380,53,2111,0.1520893425,13880,87,616,0,0,0.15,1
80180,Financial Examiners,132061,57,83,1,47,58590,13,1829,0.132258296,13829,88,698,0,0,0.13,
44140,Agricultural Inspectors,452011,68,90,18,58.66666794,13240,45,1984,0.1459252685,13596,87,721,0,0,0.15,
29326.57831,Shoe and Leather Workers and Repairers,516040,56.83614458,74.98313253,2.387951807,44.73574297,12450,51,4889,0.3763374686,12991,213,636,1,0,0.38,
31950,Furniture Finishers,517021,54,58,2,38,17250,51,2717,0.2123817652,12793,99,592,1,0,0.21,
50370,Riggers,499096,77,85,15,59,20970,49,,n/a,12599,42,572,0,0,0.00,
47860,Recreational Therapists,291125,73,91,40,68,18840,29,,n/a,12268,46,596,0,1,0.00,
39160,"Furnace, Kiln, Oven, Drier, and Kettle Operators and Tenders",519051,61,66,14,47,17730,51,1635,0.1360459328,12018,62,610,0,0,0.14,
48612.33716,Engine and Other Machine Assemblers,512031,64.74876847,76.63820471,4.251231527,48.54606824,91350,51,1531,0.1283965111,11924,56,579,0,0,0.13,
94110,Atmospheric and Space Scientists,192021,46,69,1,38.66666794,9310,19,,n/a,11574,45,559,0,0,0.00,
73960,"Health Diagnosing and Treating Practitioners, All Other",291199,88,95,75,86,36680,29,2835,0.2462433726,11513,138,574,1,1,0.25,
39140,Proofreaders and Copy Markers,439081,53,93,0,48.66666794,9820,43,,n/a,11298,29,603,0,0,0.00,
36330,Animal Control Workers,339011,54,93,79,75.33333588,12080,33,,n/a,11268,18,555,0,0,0.00,1
56930,Rail-Track Laying and Maintenance Equipment Operators,474061,85,89,14,62.66666794,14410,47,,n/a,11179,47,495,0,0,0.00,
119282.4975,Astronomers and Physicists,192010,45.25278059,75.25278059,4.563195147,41.68958544,19780,19,2824,0.2621124983,10774,146,565,1,0,0.26,
74420,Emergency Management Directors,119161,52,91,15,52.66666794,9550,11,,n/a,10315,30,545,0,0,0.00,1
30120,Food Cooking Machine Operators and Tenders,513093,73,87,14,58,32260,51,2533,0.2523159683,10039,88,460,1,0,0.25,
31330,Etchers and Engravers,519194,46,60,0,35.33333206,8600,51,,n/a,9840,48,499,0,0,0.00,
33820,Adhesive Bonding Machine Operators and Tenders,519191,70,90,9,56.33333206,16310,51,2063,0.2111782134,9769,74,452,1,0,0.21,
30840,"Food and Tobacco Roasting, Baking, and Drying Machine Operators and Tenders",513091,35,74,6,38.33333206,21060,51,1913,0.2019423693,9473,75,455,1,0,0.20,
129550,Podiatrists,291081,95,92,87,91.33333588,9500,29,,n/a,8438,47,471,0,1,0.00,
