ID,IdLong,Statefip,CountyCde,Geography,NAME,State,PopulationChange,PopulationChangeNatural,PopulationChangeBirths,PopulationChangeDeath,PopulationChangeNetMigration,PopulationChangeMigrationDom,PopulationChangeMigrationInt,DifferenceIntMigrationOverall,DifInOverallLog10,PopChangeLog10,finalPopChangeLog10,finalDifOverallLog10,Order1,Order2,Color,FIPS,Index,stateAbv,CountyName,CountySeat,Pop2010,LandAreaKM,LandAreaMI,WaterAreaKM,WaterAreaMI,TotalAreaKM,TotalAreaMI,Latitude,Longitude,totalPop,CountyName,State2
19001,0500000US19001,19,1,Adair County,Adair, Iowa,-619,-282,591,873,-340,-341,1,-620,2.792391689,0,0,-2.792391689,1,0,4,19001,790,IA,Adair,Greenfield,"7,682","1,474.40",569.271,2.598,1.003,"1,477.00",570.274,41.328528,-94.478164,-619,"Adair County, IA",Iowa
19003,0500000US19003,19,3,Adams County,Adams, Iowa,-384,-51,352,403,-337,-337,0,-384,2.584331224,0,0,-2.584331224,0,0,5,19003,791,IA,Adams,Corning,"4,029","1,096.70",423.439,5.353,2.067,"1,102.05",425.506,41.021656,-94.696906,-384,"Adams County, IA",Iowa
19005,0500000US19005,19,5,Allamakee County,Allamakee, Iowa,-496,149,1507,1358,-646,-818,172,-668,2.824776462,2.235528447,2.235528447,-2.824776462,1,0,4,19005,792,IA,Allamakee,Waukon,"14,330","1,655.21",639.082,50.995,19.689,"1,706.21",658.771,43.274964,-91.382751,-496,"Allamakee County, IA",Iowa
19007,0500000US19007,19,7,Appanoose County,Appanoose, Iowa,-450,-168,1211,1379,-272,-293,21,-471,2.673020907,1.322219295,1.322219295,-2.673020907,1,0,4,19007,793,IA,Appanoose,Centerville,"12,887","1,287.98",497.292,49.084,18.951,"1,337.07",516.243,40.744683,-92.870345,-450,"Appanoose County, IA",Iowa
19009,0500000US19009,19,9,Audubon County,Audubon, Iowa,-613,-143,508,651,-472,-480,8,-621,2.7930916,0.903089987,0.903089987,-2.7930916,1,0,4,19009,794,IA,Audubon,Audubon,"6,119","1,147.26",442.961,1.152,0.445,"1,148.42",443.406,41.679178,-94.904312,-613,"Audubon County, IA",Iowa
19011,0500000US19011,19,11,Benton County,Benton, Iowa,-427,500,2407,1907,-930,-974,44,-471,2.673020907,1.643452676,1.643452676,-2.673020907,1,0,4,19011,795,IA,Benton,Vinton,"26,076","1,855.12",716.265,5.761,2.224,"1,860.88",718.489,42.092547,-92.05763,-427,"Benton County, IA",Iowa
19013,0500000US19013,19,13,Black Hawk County,Black Hawk, Iowa,1318,4244,14091,9847,-2835,-5464,2629,-1311,3.117602692,3.419790586,3.419790586,-3.117602692,1,0,3,19013,796,IA,Black Hawk,Waterloo,"131,090","1,465.33",565.769,17.9,6.911,"1,483.23",572.68,42.472888,-92.306059,1318,"Black Hawk County, IA",Iowa
19015,0500000US19015,19,15,Boone County,Boone, Iowa,38,-21,2414,2435,74,137,-63,101,2.004321374,1.799340549,-1.799340549,2.004321374,0,1,7,19015,797,IA,Boone,Boone,"26,306","1,480.36",571.569,5.365,2.071,"1,485.72",573.64,42.038601,-93.939138,38,"Boone County, IA",Iowa
19017,0500000US19017,19,17,Bremer County,Bremer, Iowa,671,357,2115,1758,335,112,223,448,2.651278014,2.348304863,2.348304863,2.651278014,1,1,2,19017,798,IA,Bremer,Waverly,"24,276","1,127.88",435.477,10.172,3.927,"1,138.05",439.404,42.78089,-92.327586,671,"Bremer County, IA",Iowa
19019,0500000US19019,19,19,Buchanan County,Buchanan, Iowa,241,637,2328,1691,-383,-437,54,187,2.271841607,1.73239376,1.73239376,2.271841607,1,1,2,19019,799,IA,Buchanan,Independence,"20,958","1,478.94",571.02,5.428,2.096,"1,484.36",573.116,42.470328,-91.838666,241,"Buchanan County, IA",Iowa
19021,0500000US19021,19,21,Buena Vista County,Buena Vista, Iowa,-391,1084,2606,1522,-1490,-2160,670,-1061,3.025715384,2.826074803,2.826074803,-3.025715384,1,0,4,19021,800,IA,Buena Vista,Storm Lake,"20,260","1,489.02",574.915,13.758,5.312,"1,502.78",580.227,42.741522,-95.141433,-391,"Buena Vista County, IA",Iowa
19023,0500000US19023,19,23,Butler County,Butler, Iowa,-330,-266,1240,1506,-52,-142,90,-420,2.62324929,1.954242509,1.954242509,-2.62324929,1,0,4,19023,801,IA,Butler,Allison,"14,867","1,502.53",580.131,4.21,1.625,"1,506.74",581.756,42.734708,-92.780066,-330,"Butler County, IA",Iowa
19025,0500000US19025,19,25,Calhoun County,Calhoun, Iowa,-478,-263,897,1160,-211,-239,28,-506,2.704150517,1.447158031,1.447158031,-2.704150517,1,0,4,19025,802,IA,Calhoun,Rockwell City,"9,670","1,476.21",569.968,5.561,2.147,"1,481.77",572.115,42.38617,-94.643683,-478,"Calhoun County, IA",Iowa
19027,0500000US19027,19,27,Carroll County,Carroll, Iowa,-662,133,2147,2014,-795,-831,36,-698,2.843855423,1.556302501,1.556302501,-2.843855423,1,0,4,19027,803,IA,Carroll,Carroll,"20,816","1,474.84",569.437,2.145,0.828,"1,476.98",570.265,42.039492,-94.867647,-662,"Carroll County, IA",Iowa
19029,0500000US19029,19,29,Cass County,Cass, Iowa,-1022,-407,1184,1591,-609,-619,10,-1032,3.013679697,1,1,-3.013679697,1,0,4,19029,804,IA,Cass,Atlantic,"13,956","1,461.45",564.269,1.759,0.679,"1,463.21",564.948,41.333824,-94.933302,-1022,"Cass County, IA",Iowa
19031,0500000US19031,19,31,Cedar County,Cedar, Iowa,132,44,1506,1462,97,22,75,57,1.755874856,1.875061263,1.875061263,1.755874856,1,1,1,19031,805,IA,Cedar,Tipton,"18,499","1,500.73",579.436,6.386,2.466,"1,507.12",581.902,41.772355,-91.13219,132,"Cedar County, IA",Iowa
19033,0500000US19033,19,33,Cerro Gordo County,Cerro Gordo, Iowa,-1504,-312,3831,4143,-1177,-1383,206,-1710,3.23299611,2.31386722,2.31386722,-3.23299611,1,0,4,19033,806,IA,Cerro Gordo,Mason City,"44,151","1,471.92",568.313,17.627,6.806,"1,489.55",575.119,43.075171,-93.251266,-1504,"Cerro Gordo County, IA",Iowa
19035,0500000US19035,19,35,Cherokee County,Cherokee, Iowa,-746,-251,1056,1307,-501,-555,54,-800,2.903089987,1.73239376,1.73239376,-2.903089987,1,0,4,19035,807,IA,Cherokee,Cherokee,"12,072","1,494.18",576.906,0.423,0.163,"1,494.60",577.069,42.742738,-95.633262,-746,"Cherokee County, IA",Iowa
19037,0500000US19037,19,37,Chickasaw County,Chickasaw, Iowa,-478,53,1153,1100,-528,-571,43,-521,2.716837723,1.633468456,1.633468456,-2.716837723,1,0,4,19037,808,IA,Chickasaw,New Hampton,"12,439","1,306.34",504.38,3.309,1.278,"1,309.65",505.658,43.059741,-92.31721,-478,"Chickasaw County, IA",Iowa
19039,0500000US19039,19,39,Clarke County,Clarke, Iowa,137,146,1026,880,-4,-23,19,118,2.071882007,1.278753601,1.278753601,2.071882007,1,1,2,19039,809,IA,Clarke,Osceola,"9,286","1,116.72",431.167,1.525,0.589,"1,118.24",431.756,41.029191,-93.784096,137,"Clarke County, IA",Iowa
19041,0500000US19041,19,41,Clay County,Clay, Iowa,-533,55,1618,1563,-579,-623,44,-577,2.761175813,1.643452676,1.643452676,-2.761175813,1,0,4,19041,810,IA,Clay,Spencer,"16,667","1,469.14",567.238,13.867,5.354,"1,483.01",572.592,43.079822,-95.149726,-533,"Clay County, IA",Iowa
19043,0500000US19043,19,43,Clayton County,Clayton, Iowa,-572,-50,1564,1614,-516,-576,60,-632,2.800717078,1.77815125,1.77815125,-2.800717078,1,0,4,19043,811,IA,Clayton,Elkader,"18,129","2,016.41",778.539,36.586,14.126,"2,052.99",792.665,42.840998,-91.323511,-572,"Clayton County, IA",Iowa
19045,0500000US19045,19,45,Clinton County,Clinton, Iowa,-2599,168,4705,4537,-2777,-3002,225,-2824,3.450864692,2.352182518,2.352182518,-3.450864692,1,0,4,19045,812,IA,Clinton,Clinton,"49,116","1,799.82",694.915,39.524,15.26,"1,839.35",710.175,41.898073,-90.534243,-2599,"Clinton County, IA",Iowa
19047,0500000US19047,19,47,Crawford County,Crawford, Iowa,62,629,1979,1350,-567,-938,371,-309,2.489958479,2.56937391,2.56937391,-2.489958479,1,0,3,19047,813,IA,Crawford,Denison,"17,096","1,849.74",714.19,2.194,0.847,"1,851.94",715.037,42.043119,-95.38909,62,"Crawford County, IA",Iowa
19049,0500000US19049,19,49,Dallas County,Dallas, Iowa,24042,6505,9917,3412,17290,15193,2097,21945,4.341335585,3.32159843,3.32159843,4.341335585,1,1,2,19049,814,IA,Dallas,Adel,"66,135","1,524.07",588.447,8.421,3.252,"1,532.49",591.699,41.685321,-94.040707,24042,"Dallas County, IA",Iowa
19051,0500000US19051,19,51,Davis County,Davis, Iowa,264,507,1194,687,-242,-242,0,264,2.421603927,0,0,2.421603927,0,1,7,19051,815,IA,Davis,Bloomfield,"8,753","1,300.66",502.188,6.904,2.666,"1,307.57",504.854,40.748089,-92.410345,264,"Davis County, IA",Iowa
19053,0500000US19053,19,53,Decatur County,Decatur, Iowa,-567,-2,767,769,-569,-632,63,-630,2.799340549,1.799340549,1.799340549,-2.799340549,1,0,4,19053,816,IA,Decatur,Leon,"8,457","1,377.57",531.881,4.142,1.599,"1,381.71",533.48,40.736379,-93.78458,-567,"Decatur County, IA",Iowa
19055,0500000US19055,19,55,Delaware County,Delaware, Iowa,-701,256,1669,1413,-963,-1015,52,-753,2.876794976,1.716003344,1.716003344,-2.876794976,1,0,4,19055,817,IA,Delaware,Manchester,"17,764","1,496.38",577.756,3.082,1.19,"1,499.46",578.946,42.473003,-91.359443,-701,"Delaware County, IA",Iowa
19057,0500000US19057,19,57,Des Moines County,Des Moines, Iowa,-1187,2,3775,3773,-1177,-1325,148,-1335,3.125481266,2.170261715,2.170261715,-3.125481266,1,0,4,19057,818,IA,Des Moines,Burlington,"40,325","1,077.76",416.123,35.294,13.627,"1,113.05",429.75,40.915339,-91.186925,-1187,"Des Moines County, IA",Iowa
19059,0500000US19059,19,59,Dickinson County,Dickinson, Iowa,486,-313,1329,1642,806,746,60,426,2.629409599,1.77815125,1.77815125,2.629409599,1,1,2,19059,819,IA,Dickinson,Spirit Lake,"16,667",985.764,380.606,60.491,23.356,"1,046.26",403.962,43.389611,-95.196057,486,"Dickinson County, IA",Iowa
19061,0500000US19061,19,61,Dubuque County,Dubuque, Iowa,3211,2510,9861,7351,770,141,629,2582,3.411956238,2.798650645,2.798650645,3.411956238,1,1,2,19061,820,IA,Dubuque,Dubuque,"93,653","1,575.50",608.305,21.569,8.328,"1,597.07",616.633,42.463481,-90.878771,3211,"Dubuque County, IA",Iowa
19063,0500000US19063,19,63,Emmet County,Emmet, Iowa,-1049,-120,910,1030,-939,-1056,117,-1166,3.06669855,2.068185862,2.068185862,-3.06669855,1,0,4,19063,821,IA,Emmet,Estherville,"10,302","1,025.33",395.883,17.196,6.64,"1,042.53",402.523,43.377984,-94.66937,-1049,"Emmet County, IA",Iowa
19065,0500000US19065,19,65,Fayette County,Fayette, Iowa,-1222,-299,1749,2048,-927,-1126,199,-1421,3.152594078,2.298853076,2.298853076,-3.152594078,1,0,4,19065,822,IA,Fayette,West Union,"20,880","1,892.79",730.811,1.334,0.515,"1,894.13",731.326,42.86445,-91.839373,-1222,"Fayette County, IA",Iowa
19067,0500000US19067,19,67,Floyd County,Floyd, Iowa,-534,2,1583,1581,-531,-611,80,-614,2.788168371,1.903089987,1.903089987,-2.788168371,1,0,4,19067,823,IA,Floyd,Charles City,"16,303","1,296.63",500.632,1.943,0.75,"1,298.57",501.382,43.052741,-92.787367,-534,"Floyd County, IA",Iowa
19069,0500000US19069,19,69,Franklin County,Franklin, Iowa,-556,38,1023,985,-598,-658,60,-616,2.789580712,1.77815125,1.77815125,-2.789580712,1,0,4,19069,824,IA,Franklin,Hampton,"10,680","1,507.30",581.972,1.429,0.552,"1,508.73",582.524,42.736549,-93.271425,-556,"Franklin County, IA",Iowa
19071,0500000US19071,19,71,Fremont County,Fremont, Iowa,-445,-93,650,743,-360,-379,19,-464,2.666517981,1.278753601,1.278753601,-2.666517981,1,0,4,19071,825,IA,Fremont,Sidney,"7,441","1,323.87",511.15,14.214,5.488,"1,338.09",516.638,40.743726,-95.599516,-445,"Fremont County, IA",Iowa
19073,0500000US19073,19,73,Greene County,Greene, Iowa,-356,-113,873,986,-241,-246,5,-361,2.557507202,0.698970004,0.698970004,-2.557507202,1,0,4,19073,826,IA,Greene,Jefferson,"9,336","1,475.19",569.574,4.25,1.641,"1,479.44",571.215,42.042494,-94.388703,-356,"Greene County, IA",Iowa
19075,0500000US19075,19,75,Grundy County,Grundy, Iowa,-149,11,1079,1068,-153,-156,3,-152,2.181843588,0.477121255,0.477121255,-2.181843588,1,0,4,19075,827,IA,Grundy,Grundy Center,"12,453","1,299.81",501.858,0.094,0.036,"1,299.90",501.894,42.403323,-92.790261,-149,"Grundy County, IA",Iowa
19077,0500000US19077,19,77,Guthrie County,Guthrie, Iowa,-235,-134,893,1027,-98,-150,52,-287,2.457881897,1.716003344,1.716003344,-2.457881897,1,0,4,19077,828,IA,Guthrie,Guthrie Center,"10,954","1,529.70",590.62,6.356,2.454,"1,536.06",593.074,41.683573,-94.501272,-235,"Guthrie County, IA",Iowa
19079,0500000US19079,19,79,Hamilton County,Hamilton, Iowa,-721,80,1493,1413,-807,-914,107,-828,2.918030337,2.029383778,2.029383778,-2.918030337,1,0,4,19079,829,IA,Hamilton,Webster City,"15,673","1,493.78",576.751,1.965,0.759,"1,495.74",577.51,42.390768,-93.709198,-721,"Hamilton County, IA",Iowa
19081,0500000US19081,19,81,Hancock County,Hancock, Iowa,-626,-96,919,1015,-530,-556,26,-652,2.814247596,1.414973348,1.414973348,-2.814247596,1,0,4,19081,830,IA,Hancock,Garner,"11,341","1,478.90",571.005,5.266,2.033,"1,484.16",573.038,43.075411,-93.743697,-626,"Hancock County, IA",Iowa
19083,0500000US19083,19,83,Hardin County,Hardin, Iowa,-666,-304,1504,1808,-349,-470,121,-787,2.895974732,2.08278537,2.08278537,-2.895974732,1,0,4,19083,831,IA,Hardin,Eldora,"17,534","1,474.50",569.307,1.774,0.685,"1,476.27",569.992,42.389955,-93.241081,-666,"Hardin County, IA",Iowa
19085,0500000US19085,19,85,Harrison County,Harrison, Iowa,-803,-166,1303,1469,-641,-631,-10,-793,2.899273187,1,-1,-2.899273187,0,0,5,19085,832,IA,Harrison,Logan,"14,928","1,804.83",696.848,12.418,4.795,"1,817.25",701.643,41.688584,-95.827149,-803,"Harrison County, IA",Iowa
19087,0500000US19087,19,87,Henry County,Henry, Iowa,-78,121,1900,1779,-208,-341,133,-211,2.324282455,2.123851641,2.123851641,-2.324282455,1,0,4,19087,833,IA,Henry,Mount Pleasant,"20,145","1,124.90",434.328,5.78,2.232,"1,130.69",436.56,40.985864,-91.54427,-78,"Henry County, IA",Iowa
19089,0500000US19089,19,89,Howard County,Howard, Iowa,-377,69,964,895,-446,-442,-4,-373,2.571708832,0.602059991,-0.602059991,-2.571708832,0,0,5,19089,834,IA,Howard,Cresco,"9,566","1,225.71",473.248,0.928,0.358,"1,226.63",473.606,43.365313,-92.321908,-377,"Howard County, IA",Iowa
19091,0500000US19091,19,91,Humboldt County,Humboldt, Iowa,-267,-83,881,964,-179,-218,39,-306,2.485721426,1.591064607,1.591064607,-2.485721426,1,0,4,19091,835,IA,Humboldt,Dakota City,"9,815","1,124.97",434.352,3.406,1.315,"1,128.37",435.667,42.782221,-94.202775,-267,"Humboldt County, IA",Iowa
19093,0500000US19093,19,93,Ida County,Ida, Iowa,-248,-144,648,792,-103,-115,12,-260,2.414973348,1.079181246,1.079181246,-2.414973348,1,0,4,19093,836,IA,Ida,Ida Grove,"7,089","1,117.60",431.508,1.406,0.543,"1,119.01",432.051,42.39186,-95.507421,-248,"Ida County, IA",Iowa
19095,0500000US19095,19,95,Iowa County,Iowa, Iowa,-214,75,1541,1466,-284,-254,-30,-184,2.264817823,1.477121255,-1.477121255,-2.264817823,0,0,5,19095,837,IA,Iowa,Marengo,"16,355","1,518.92",586.457,2.687,1.037,"1,521.60",587.494,41.683918,-92.059123,-214,"Iowa County, IA",Iowa
19097,0500000US19097,19,97,Jackson County,Jackson, Iowa,-421,-113,1744,1857,-297,-310,13,-434,2.63748973,1.113943352,1.113943352,-2.63748973,1,0,4,19097,838,IA,Jackson,Maquoketa,"19,848","1,647.33",636.039,35.142,13.568,"1,682.47",649.607,42.164281,-90.574597,-421,"Jackson County, IA",Iowa
19099,0500000US19099,19,99,Jasper County,Jasper, Iowa,305,318,3417,3099,8,-17,25,280,2.447158031,1.397940009,1.397940009,2.447158031,1,1,2,19099,839,IA,Jasper,Newton,"36,842","1,891.78",730.42,6.566,2.535,"1,898.35",732.955,41.685686,-93.052971,305,"Jasper County, IA",Iowa
19101,0500000US19101,19,101,Jefferson County,Jefferson, Iowa,1541,-98,1238,1336,1641,-546,2187,-646,2.810232518,3.339848783,3.339848783,-2.810232518,1,0,3,19101,840,IA,Jefferson,Fairfield,"16,843","1,127.97",435.51,3.538,1.366,"1,131.50",436.876,41.00688,-91.967137,1541,"Jefferson County, IA",Iowa
19103,0500000US19103,19,103,Johnson County,Johnson, Iowa,20378,9251,14866,5615,11134,3448,7686,12692,4.103530063,3.88570038,3.88570038,4.103530063,1,1,2,19103,841,IA,Johnson,Iowa City,"130,882","1,590.36",614.04,23.595,9.11,"1,613.95",623.15,41.668737,-91.588812,20378,"Johnson County, IA",Iowa
19105,0500000US19105,19,105,Jones County,Jones, Iowa,108,75,1721,1646,41,-179,220,-112,2.049218023,2.342422681,2.342422681,-2.049218023,1,0,3,19105,842,IA,Jones,Anamosa,"20,638","1,490.85",575.621,3.583,1.383,"1,494.43",577.004,42.125118,-91.116914,108,"Jones County, IA",Iowa
19107,0500000US19107,19,107,Keokuk County,Keokuk, Iowa,-286,75,1013,938,-363,-394,31,-317,2.501059262,1.491361694,1.491361694,-2.501059262,1,0,4,19107,843,IA,Keokuk,Sigourney,"10,511","1,500.07",579.179,1.929,0.745,"1,502.00",579.924,41.331182,-92.167721,-286,"Keokuk County, IA",Iowa
19109,0500000US19109,19,109,Kossuth County,Kossuth, Iowa,-637,-140,1369,1509,-491,-561,70,-707,2.849419414,1.84509804,1.84509804,-2.849419414,1,0,4,19109,844,IA,Kossuth,Algona,"15,543","2,519.33",972.72,4.155,1.604,"2,523.49",974.324,43.212478,-94.213983,-637,"Kossuth County, IA",Iowa
19111,0500000US19111,19,111,Lee County,Lee, Iowa,-1807,-143,3401,3544,-1659,-1696,37,-1844,3.265760917,1.568201724,1.568201724,-3.265760917,1,0,4,19111,845,IA,Lee,"Fort Madison,Â Keokuk","35,862","1,340.37",517.518,55.294,21.349,"1,395.66",538.867,40.647588,-91.477157,-1807,"Lee County, IA",Iowa
19113,0500000US19113,19,113,Linn County,Linn, Iowa,14671,8906,22890,13984,5961,3181,2780,11891,4.075218379,3.444044796,3.444044796,4.075218379,1,1,2,19113,846,IA,Linn,Cedar Rapids,"211,226","1,856.71",716.88,19.749,7.625,"1,876.46",724.505,42.077951,-91.597674,14671,"Linn County, IA",Iowa
19115,0500000US19115,19,115,Louisa County,Louisa, Iowa,-218,253,1124,871,-474,-800,326,-544,2.7355989,2.5132176,2.5132176,-2.7355989,1,0,4,19115,847,IA,Louisa,Wapello,"11,387","1,040.57",401.766,40.798,15.752,"1,081.37",417.518,41.218211,-91.256994,-218,"Louisa County, IA",Iowa
19117,0500000US19117,19,117,Lucas County,Lucas, Iowa,-255,-31,852,883,-219,-234,15,-270,2.431363764,1.176091259,1.176091259,-2.431363764,1,0,4,19117,848,IA,Lucas,Chariton,"8,898","1,115.23",430.593,9.853,3.804,"1,125.08",434.397,41.033344,-93.331467,-255,"Lucas County, IA",Iowa
19119,0500000US19119,19,119,Lyon County,Lyon, Iowa,230,480,1397,917,-251,-259,8,222,2.346352974,0.903089987,0.903089987,2.346352974,1,1,2,19119,849,IA,Lyon,Rock Rapids,"11,581","1,522.01",587.65,0.334,0.129,"1,522.34",587.779,43.38358,-96.207201,230,"Lyon County, IA",Iowa
19121,0500000US19121,19,121,Madison County,Madison, Iowa,570,151,1372,1221,417,313,104,466,2.668385917,2.017033339,2.017033339,2.668385917,1,1,2,19121,850,IA,Madison,Winterset,"15,679","1,453.00",561.006,2.984,1.152,"1,455.98",562.158,41.330622,-94.015184,570,"Madison County, IA",Iowa
19123,0500000US19123,19,123,Mahaska County,Mahaska, Iowa,-382,418,2299,1881,-791,-973,182,-564,2.751279104,2.260071388,2.260071388,-2.751279104,1,0,4,19123,851,IA,Mahaska,Oskaloosa,"22,381","1,478.53",570.863,6.565,2.535,"1,485.09",573.398,41.330797,-92.636366,-382,"Mahaska County, IA",Iowa
19125,0500000US19125,19,125,Marion County,Marion, Iowa,100,279,3062,2783,-174,-267,93,7,0.84509804,1.968482949,1.968482949,0.84509804,1,1,1,19125,852,IA,Marion,Knoxville,"33,309","1,436.24",554.534,41.375,15.975,"1,477.61",570.509,41.331455,-93.093849,100,"Marion County, IA",Iowa
19127,0500000US19127,19,127,Marshall County,Marshall, Iowa,-667,546,4441,3895,-1218,-2170,952,-1619,3.209246849,2.978636948,2.978636948,-3.209246849,1,0,4,19127,853,IA,Marshall,Marshalltown,"40,648","1,482.77",572.501,1.803,0.696,"1,484.57",573.197,42.041691,-92.981452,-667,"Marshall County, IA",Iowa
19129,0500000US19129,19,129,Mills County,Mills, Iowa,4,158,1260,1102,-153,-136,-17,21,1.322219295,1.230448921,-1.230448921,1.322219295,0,1,7,19129,854,IA,Mills,Glenwood,"15,059","1,132.96",437.437,8.307,3.207,"1,141.26",440.644,41.033703,-95.619101,4,"Mills County, IA",Iowa
19131,0500000US19131,19,131,Mitchell County,Mitchell, Iowa,-207,-102,996,1098,-96,-120,24,-231,2.36361198,1.380211242,1.380211242,-2.36361198,1,0,4,19131,855,IA,Mitchell,Osage,"10,776","1,215.05",469.133,1.118,0.432,"1,216.17",469.565,43.348564,-92.784466,-207,"Mitchell County, IA",Iowa
19133,0500000US19133,19,133,Monona County,Monona, Iowa,-563,-465,726,1191,-93,-109,16,-579,2.762678564,1.204119983,1.204119983,-2.762678564,1,0,4,19133,856,IA,Monona,Onawa,"9,243","1,797.64",694.072,12.592,4.862,"1,810.23",698.934,42.049432,-95.956566,-563,"Monona County, IA",Iowa
19135,0500000US19135,19,135,Monroe County,Monroe, Iowa,-182,-130,722,852,-45,-74,29,-211,2.324282455,1.462397998,1.462397998,-2.324282455,1,0,4,19135,857,IA,Monroe,Albia,"7,970","1,123.32",433.715,1.523,0.588,"1,124.84",434.303,41.028847,-92.869642,-182,"Monroe County, IA",Iowa
19137,0500000US19137,19,137,Montgomery County,Montgomery, Iowa,-737,-250,966,1216,-488,-524,36,-773,2.888179494,1.556302501,1.556302501,-2.888179494,1,0,4,19137,858,IA,Montgomery,Red Oak,"10,740","1,098.41",424.097,2.41,0.931,"1,100.82",425.028,41.021735,-95.15779,-737,"Montgomery County, IA",Iowa
19139,0500000US19139,19,139,Muscatine County,Muscatine, Iowa,180,1255,4478,3223,-1073,-1811,738,-558,2.746634199,2.868056362,2.868056362,-2.746634199,1,0,3,19139,859,IA,Muscatine,Muscatine,"42,745","1,133.04",437.469,30.199,11.66,"1,163.24",449.129,41.483776,-91.118699,180,"Muscatine County, IA",Iowa
19141,0500000US19141,19,141,O'Brien County,O'Brien, Iowa,-558,-159,1375,1534,-396,-441,45,-603,2.780317312,1.653212514,1.653212514,-2.780317312,1,0,4,19141,860,IA,O'Brien,Primghar,"14,398","1,484.15",573.035,0.447,0.173,"1,484.60",573.208,43.083746,-95.625624,-558,"O'Brien County, IA",Iowa
19143,0500000US19143,19,143,Osceola County,Osceola, Iowa,-422,17,594,577,-445,-501,56,-478,2.679427897,1.748188027,1.748188027,-2.679427897,1,0,4,19143,861,IA,Osceola,Sibley,"6,462","1,032.59",398.684,1.835,0.709,"1,034.42",399.393,43.378542,-95.633788,-422,"Osceola County, IA",Iowa
19145,0500000US19145,19,145,Page County,Page, Iowa,-697,-294,1391,1685,-399,-487,88,-785,2.894869657,1.944482672,1.944482672,-2.894869657,1,0,4,19145,862,IA,Page,Clarinda,"15,932","1,385.49",534.942,1.359,0.525,"1,386.85",535.467,40.73909,-95.14429,-697,"Page County, IA",Iowa
19147,0500000US19147,19,147,Palo Alto County,Palo Alto, Iowa,-492,-177,861,1038,-318,-453,135,-627,2.797267541,2.130333768,2.130333768,-2.797267541,1,0,4,19147,863,IA,Palo Alto,Emmetsburg,"9,421","1,460.35",563.844,14.48,5.591,"1,474.83",569.435,43.075854,-94.667297,-492,"Palo Alto County, IA",Iowa
19149,0500000US19149,19,149,Plymouth County,Plymouth, Iowa,111,344,2354,2010,-230,-452,222,-111,2.045322979,2.346352974,2.346352974,-2.045322979,1,0,3,19149,864,IA,Plymouth,Le Mars,"24,986","2,234.88",862.893,2.177,0.841,"2,237.06",863.734,42.737585,-96.215864,111,"Plymouth County, IA",Iowa
19151,0500000US19151,19,151,Pocahontas County,Pocahontas, Iowa,-570,-126,637,763,-452,-463,11,-581,2.764176132,1.041392685,1.041392685,-2.764176132,1,0,4,19151,865,IA,Pocahontas,Pocahontas,"7,310","1,495.05",577.241,3.667,1.416,"1,498.71",578.657,42.734033,-94.678279,-570,"Pocahontas County, IA",Iowa
19153,0500000US19153,19,153,Polk County,Polk, Iowa,56572,28673,56214,27541,27841,17658,10183,46389,4.666415011,4.007875744,4.007875744,4.666415011,1,1,2,19153,866,IA,Polk,Des Moines,"430,640","1,486.12",573.795,45.946,17.74,"1,532.07",591.535,41.684281,-93.56972,56572,"Polk County, IA",Iowa
19155,0500000US19155,19,155,Pottawattamie County,Pottawattamie, Iowa,384,2424,9843,7419,-1999,-2338,339,45,1.653212514,2.530199698,2.530199698,1.653212514,1,1,1,19155,867,IA,Pottawattamie,Council Bluffs,"93,158","2,461.21",950.28,22.926,8.852,"2,484.14",959.132,41.340184,-95.544905,384,"Pottawattamie County, IA",Iowa
19157,0500000US19157,19,157,Poweshiek County,Poweshiek, Iowa,-216,-367,1454,1821,156,-115,271,-487,2.687528961,2.432969291,2.432969291,-2.687528961,1,0,4,19157,868,IA,Poweshiek,Montezuma,"18,914","1,514.97",584.932,2.939,1.135,"1,517.91",586.067,41.684526,-92.522882,-216,"Poweshiek County, IA",Iowa
19159,0500000US19159,19,159,Ringgold County,Ringgold, Iowa,-162,-169,458,627,9,-6,15,-177,2.247973266,1.176091259,1.176091259,-2.247973266,1,0,4,19159,869,IA,Ringgold,Mount Ayr,"5,131","1,386.93",535.498,8.722,3.367,"1,395.66",538.865,40.735334,-94.244251,-162,"Ringgold County, IA",Iowa
19161,0500000US19161,19,161,Sac County,Sac, Iowa,-631,-226,914,1140,-401,-401,0,-631,2.800029359,0,0,-2.800029359,0,0,5,19161,870,IA,Sac,Sac City,"10,350","1,489.27",575.012,8.597,3.319,"1,497.87",578.331,42.387526,-95.105224,-631,"Sac County, IA",Iowa
19163,0500000US19163,19,163,Scott County,Scott, Iowa,8060,6208,18223,12015,1930,-35,1965,6095,3.78497371,3.293362555,3.293362555,3.78497371,1,1,2,19163,871,IA,Scott,Davenport,"165,224","1,186.44",458.089,26.216,10.122,"1,212.66",468.211,41.641679,-90.62229,8060,"Scott County, IA",Iowa
19165,0500000US19165,19,165,Shelby County,Shelby, Iowa,-591,-225,972,1197,-365,-393,28,-619,2.791690649,1.447158031,1.447158031,-2.791690649,1,0,4,19165,872,IA,Shelby,Harlan,"12,167","1,530.11",590.779,1.486,0.574,"1,531.60",591.353,41.679014,-95.308917,-591,"Shelby County, IA",Iowa
19167,0500000US19167,19,167,Sioux County,Sioux, Iowa,1205,2070,4150,2080,-872,-1447,575,630,2.799340549,2.759667845,2.759667845,2.799340549,1,1,2,19167,873,IA,Sioux,Orange City,"33,704","1,989.97",768.332,1.707,0.659,"1,991.68",768.991,43.082854,-96.177929,1205,"Sioux County, IA",Iowa
19169,0500000US19169,19,169,Story County,Story, Iowa,8563,3542,7670,4128,4993,-1519,6512,2051,3.31196566,3.813714392,3.813714392,3.31196566,1,1,1,19169,874,IA,Story,Nevada,"89,542","1,483.59",572.818,2.152,0.831,"1,485.75",573.649,42.037538,-93.466093,8563,"Story County, IA",Iowa
19171,0500000US19171,19,171,Tama County,Tama, Iowa,-863,124,1812,1688,-987,-1026,39,-902,2.955206538,1.591064607,1.591064607,-2.955206538,1,0,4,19171,875,IA,Tama,Toledo,"17,767","1,867.41",721.011,2.769,1.069,"1,870.18",722.08,42.074848,-92.529412,-863,"Tama County, IA",Iowa
19173,0500000US19173,19,173,Taylor County,Taylor, Iowa,-126,-13,621,634,-112,-192,80,-206,2.31386722,1.903089987,1.903089987,-2.31386722,1,0,4,19173,876,IA,Taylor,Bedford,"6,317","1,377.62",531.902,7.134,2.754,"1,384.75",534.656,40.737949,-94.697108,-126,"Taylor County, IA",Iowa
19175,0500000US19175,19,175,Union County,Union, Iowa,-175,-59,1143,1202,-114,-218,104,-279,2.445604203,2.017033339,2.017033339,-2.445604203,1,0,4,19175,877,IA,Union,Creston,"12,534","1,097.24",423.645,5.576,2.153,"1,102.81",425.798,41.02855,-94.245091,-175,"Union County, IA",Iowa
19177,0500000US19177,19,177,Van Buren County,Van Buren, Iowa,-551,9,741,732,-559,-560,1,-552,2.741939078,0,0,-2.741939078,1,0,4,19177,878,IA,Van Buren,Keosauqua,"7,570","1,255.60",484.789,14.84,5.73,"1,270.44",490.519,40.754117,-91.952943,-551,"Van Buren County, IA",Iowa
19179,0500000US19179,19,179,Wapello County,Wapello, Iowa,-419,304,3615,3311,-705,-1740,1035,-1454,3.162564407,3.01494035,3.01494035,-3.162564407,1,0,4,19179,879,IA,Wapello,Ottumwa,"35,625","1,118.44",431.833,10.846,4.188,"1,129.29",436.021,41.031263,-92.409482,-419,"Wapello County, IA",Iowa
19181,0500000US19181,19,181,Warren County,Warren, Iowa,4828,1256,4524,3268,3601,3504,97,4731,3.674952948,1.986771734,1.986771734,3.674952948,1,1,2,19181,880,IA,Warren,Indianola,"46,225","1,475.85",569.827,9.125,3.523,"1,484.97",573.35,41.336769,-93.564366,4828,"Warren County, IA",Iowa
19183,0500000US19183,19,183,Washington County,Washington, Iowa,437,433,2428,1995,22,-54,76,361,2.557507202,1.880813592,1.880813592,2.557507202,1,1,2,19183,881,IA,Washington,Washington,"21,704","1,473.28",568.835,5.4,2.085,"1,478.68",570.92,41.329401,-91.725052,437,"Washington County, IA",Iowa
19185,0500000US19185,19,185,Wayne County,Wayne, Iowa,-2,39,734,695,-38,-41,3,-5,0.698970004,0.477121255,0.477121255,-0.698970004,1,0,4,19185,882,IA,Wayne,Corydon,"6,403","1,360.88",525.437,4.441,1.715,"1,365.32",527.152,40.739983,-93.332613,-2,"Wayne County, IA",Iowa
19187,0500000US19187,19,187,Webster County,Webster, Iowa,-1736,-37,3633,3670,-1707,-2048,341,-2077,3.317436497,2.532754379,2.532754379,-3.317436497,1,0,4,19187,883,IA,Webster,Fort Dodge,"38,013","1,853.44",715.619,7.278,2.81,"1,860.72",718.429,42.434397,-94.179157,-1736,"Webster County, IA",Iowa
19189,0500000US19189,19,189,Winnebago County,Winnebago, Iowa,-356,-88,946,1034,-275,-291,16,-372,2.57054294,1.204119983,1.204119983,-2.57054294,1,0,4,19189,884,IA,Winnebago,Forest City,"10,866","1,037.26",400.489,3.182,1.229,"1,040.44",401.718,43.378124,-93.743488,-356,"Winnebago County, IA",Iowa
19191,0500000US19191,19,191,Winneshiek County,Winneshiek, Iowa,-1029,-51,1419,1470,-975,-998,23,-1052,3.02201574,1.361727836,1.361727836,-3.02201574,1,0,4,19191,885,IA,Winneshiek,Decorah,"21,056","1,786.75",689.868,0.699,0.27,"1,787.45",690.138,43.292989,-91.850788,-1029,"Winneshiek County, IA",Iowa
19193,0500000US19193,19,193,Woodbury County,Woodbury, Iowa,364,4870,12556,7686,-4513,-5895,1382,-1018,3.007747778,3.140508043,3.140508043,-3.007747778,1,0,3,19193,886,IA,Woodbury,Sioux City,"102,172","2,260.63",872.834,12.793,4.94,"2,273.42",877.774,42.39322,-96.053296,364,"Woodbury County, IA",Iowa
19195,0500000US19195,19,195,Worth County,Worth, Iowa,-138,-42,641,683,-96,-104,8,-146,2.164352856,0.903089987,0.903089987,-2.164352856,1,0,4,19195,887,IA,Worth,Northwood,"7,598","1,036.32",400.123,4.709,1.818,"1,041.02",401.941,43.373491,-93.248533,-138,"Worth County, IA",Iowa
19197,0500000US19197,19,197,Wright County,Wright, Iowa,-539,-85,1254,1339,-454,-539,85,-624,2.79518459,1.929418926,1.929418926,-2.79518459,1,0,4,19197,888,IA,Wright,Clarion,"13,229","1,503.29",580.422,4.704,1.816,"1,507.99",582.238,42.733007,-93.734735,-539,"Wright County, IA",Iowa